apk_path,output_path,reason
downloaded_apks/50k-100k/com.craftsilicon.wazalendo_33.apk,decompiled_files/50k-100k/com.craftsilicon.wazalendo_33,Empty output directory after jadx run
downloaded_apks/50k-100k/com.ax.hud.compass_5.apk,decompiled_files/50k-100k/com.ax.hud.compass_5,Empty output directory after jadx run
downloaded_apks/50k-100k/com.safeme.calculator_50.apk,decompiled_files/50k-100k/com.safeme.calculator_50,Empty output directory after jadx run
downloaded_apks/50k-100k/tamil.manthirangal_9.apk,decompiled_files/50k-100k/tamil.manthirangal_9,Empty output directory after jadx run
downloaded_apks/50k-100k/com.freemium.android.apps.skipal_440.apk,decompiled_files/50k-100k/com.freemium.android.apps.skipal_440,Empty output directory after jadx run
downloaded_apks/50k-100k/com.krishnaapps.rtovehicleinfo_15.apk,decompiled_files/50k-100k/com.krishnaapps.rtovehicleinfo_15,Empty output directory after jadx run
downloaded_apks/50k-100k/au.com.idfish.app_68.apk,decompiled_files/50k-100k/au.com.idfish.app_68,Empty output directory after jadx run
downloaded_apks/50k-100k/app.typographic.typographic_33.apk,decompiled_files/50k-100k/app.typographic.typographic_33,Empty output directory after jadx run
downloaded_apks/50k-100k/org.lacofi.apache_41.apk,decompiled_files/50k-100k/org.lacofi.apache_41,Empty output directory after jadx run
downloaded_apks/50k-100k/com.minimiew.kamkomsawaddee_9.apk,decompiled_files/50k-100k/com.minimiew.kamkomsawaddee_9,Empty output directory after jadx run
downloaded_apks/50k-100k/com.makeshop.powerapp.lusida_10001.apk,decompiled_files/50k-100k/com.makeshop.powerapp.lusida_10001,Empty output directory after jadx run
downloaded_apks/50k-100k/kz.alser.selfservice_2343.apk,decompiled_files/50k-100k/kz.alser.selfservice_2343,Empty output directory after jadx run
downloaded_apks/50k-100k/com.phonecleaner.junkcleaner.cache.clean.phone.booster_23.apk,decompiled_files/50k-100k/com.phonecleaner.junkcleaner.cache.clean.phone.booster_23,Empty output directory after jadx run
downloaded_apks/50k-100k/com.goder.busquerysystembeta_587.apk,decompiled_files/50k-100k/com.goder.busquerysystembeta_587,Empty output directory after jadx run
downloaded_apks/50k-100k/com.messages.chattext_14.apk,decompiled_files/50k-100k/com.messages.chattext_14,Empty output directory after jadx run
downloaded_apks/50k-100k/com.rsudalihsan.mobile_36.apk,decompiled_files/50k-100k/com.rsudalihsan.mobile_36,Empty output directory after jadx run
downloaded_apks/50k-100k/com.irainxun.grilltempsense_148.apk,decompiled_files/50k-100k/com.irainxun.grilltempsense_148,Empty output directory after jadx run
downloaded_apks/50k-100k/com.kbmmobile.kbm.user.muzammilhasballahmp3_17.apk,decompiled_files/50k-100k/com.kbmmobile.kbm.user.muzammilhasballahmp3_17,Empty output directory after jadx run
downloaded_apks/50k-100k/jp.co.ponos.nanimoshinai_1000002.apk,decompiled_files/50k-100k/jp.co.ponos.nanimoshinai_1000002,Empty output directory after jadx run
downloaded_apks/50k-100k/org.katieone_44.apk,decompiled_files/50k-100k/org.katieone_44,Empty output directory after jadx run
downloaded_apks/50k-100k/de.virality.dieschulapp.ui_149.apk,decompiled_files/50k-100k/de.virality.dieschulapp.ui_149,Empty output directory after jadx run
downloaded_apks/50k-100k/com.connectiq.r485.mapsr485companion_214.apk,decompiled_files/50k-100k/com.connectiq.r485.mapsr485companion_214,Empty output directory after jadx run
downloaded_apks/50k-100k/com.goethe.hu_819.apk,decompiled_files/50k-100k/com.goethe.hu_819,Empty output directory after jadx run
downloaded_apks/50k-100k/ges.com.antalyasmartcity_61.apk,decompiled_files/50k-100k/ges.com.antalyasmartcity_61,Empty output directory after jadx run
downloaded_apks/50k-100k/com.quarantadue.cocktails_41.apk,decompiled_files/50k-100k/com.quarantadue.cocktails_41,Empty output directory after jadx run
downloaded_apks/50k-100k/com.app.radiojibi_23.apk,decompiled_files/50k-100k/com.app.radiojibi_23,Empty output directory after jadx run
downloaded_apks/50k-100k/com.manhajona.OmarAbdelkafy_1005.apk,decompiled_files/50k-100k/com.manhajona.OmarAbdelkafy_1005,Empty output directory after jadx run
downloaded_apks/50k-100k/com.app.azantime_58.apk,decompiled_files/50k-100k/com.app.azantime_58,Empty output directory after jadx run
downloaded_apks/50k-100k/pl.onet.onetaudio_5619.apk,decompiled_files/50k-100k/pl.onet.onetaudio_5619,Empty output directory after jadx run
downloaded_apks/50k-100k/com.klinqq.app_59.apk,decompiled_files/50k-100k/com.klinqq.app_59,Empty output directory after jadx run
downloaded_apks/50k-100k/com.arvin.applemessagepro_30.apk,decompiled_files/50k-100k/com.arvin.applemessagepro_30,Empty output directory after jadx run
downloaded_apks/50k-100k/com.aicsm.sscpreviousyearsgk_16.apk,decompiled_files/50k-100k/com.aicsm.sscpreviousyearsgk_16,Empty output directory after jadx run
downloaded_apks/50k-100k/com.controld.setuputility_132.apk,decompiled_files/50k-100k/com.controld.setuputility_132,Empty output directory after jadx run
downloaded_apks/50k-100k/ru.webvo.book.AOTNDEZKOFBQNZJW_10.apk,decompiled_files/50k-100k/ru.webvo.book.AOTNDEZKOFBQNZJW_10,Empty output directory after jadx run
downloaded_apks/50k-100k/com.mysticwind.linenotificationsupport_23.apk,decompiled_files/50k-100k/com.mysticwind.linenotificationsupport_23,Empty output directory after jadx run
downloaded_apks/50k-100k/com.speechtotext.voicetyping.alllanguages.converter.notes_9.apk,decompiled_files/50k-100k/com.speechtotext.voicetyping.alllanguages.converter.notes_9,Empty output directory after jadx run
downloaded_apks/50k-100k/ru.edpankov.transistors_3.apk,decompiled_files/50k-100k/ru.edpankov.transistors_3,Empty output directory after jadx run
downloaded_apks/50k-100k/com.equitygroup.equityrsa_15.apk,decompiled_files/50k-100k/com.equitygroup.equityrsa_15,Empty output directory after jadx run
downloaded_apks/50k-100k/smartcoder.click_tv_133.apk,decompiled_files/50k-100k/smartcoder.click_tv_133,Empty output directory after jadx run
downloaded_apks/10k-50k/ru.amigo.app_46.apk,decompiled_files/10k-50k/ru.amigo.app_46,Empty output directory after jadx run
downloaded_apks/10k-50k/com.magazinecloner.hotenglish_2034071301.apk,decompiled_files/10k-50k/com.magazinecloner.hotenglish_2034071301,Empty output directory after jadx run
downloaded_apks/10k-50k/jp.co.okinawatimes.viewer.and_25.apk,decompiled_files/10k-50k/jp.co.okinawatimes.viewer.and_25,Empty output directory after jadx run
downloaded_apks/10k-50k/com.ribotask.sense_67.apk,decompiled_files/10k-50k/com.ribotask.sense_67,Empty output directory after jadx run
downloaded_apks/10k-50k/com.imzhiqiang.period_10701.apk,decompiled_files/10k-50k/com.imzhiqiang.period_10701,Empty output directory after jadx run
downloaded_apks/10k-50k/jp.co.a_tm.android.plus_autumn_color_1000.apk,decompiled_files/10k-50k/jp.co.a_tm.android.plus_autumn_color_1000,Empty output directory after jadx run
downloaded_apks/10k-50k/robo.forrest.fairy.sword.tree.tower.craft_7.apk,decompiled_files/10k-50k/robo.forrest.fairy.sword.tree.tower.craft_7,Empty output directory after jadx run
downloaded_apks/10k-50k/com.filter.camera.ccd.cam1998_12.apk,decompiled_files/10k-50k/com.filter.camera.ccd.cam1998_12,Empty output directory after jadx run
downloaded_apks/10k-50k/quran.tilawatequran.mahermaaiqli_1001.apk,decompiled_files/10k-50k/quran.tilawatequran.mahermaaiqli_1001,Empty output directory after jadx run
downloaded_apks/10k-50k/li.yapp.app69E42EC1_13.apk,decompiled_files/10k-50k/li.yapp.app69E42EC1_13,Empty output directory after jadx run
downloaded_apks/10k-50k/com.sonidos.chilenos_6.apk,decompiled_files/10k-50k/com.sonidos.chilenos_6,Empty output directory after jadx run
downloaded_apks/10k-50k/com.a7afidi.hidden_23.apk,decompiled_files/10k-50k/com.a7afidi.hidden_23,Empty output directory after jadx run
downloaded_apks/10k-50k/com.appg.bankdiary.client_11.apk,decompiled_files/10k-50k/com.appg.bankdiary.client_11,Empty output directory after jadx run
downloaded_apks/10k-50k/uk.co.image_plus.propertyinvestor_39.apk,decompiled_files/10k-50k/uk.co.image_plus.propertyinvestor_39,Empty output directory after jadx run
downloaded_apks/10k-50k/com.newlinks.intercomclient_43.apk,decompiled_files/10k-50k/com.newlinks.intercomclient_43,Empty output directory after jadx run
downloaded_apks/10k-50k/sukron.com.animal_8.apk,decompiled_files/10k-50k/sukron.com.animal_8,Empty output directory after jadx run
downloaded_apks/10k-50k/com.oustme.gsf_710.apk,decompiled_files/10k-50k/com.oustme.gsf_710,Empty output directory after jadx run
downloaded_apks/10k-50k/so.ateya.ahmed.Lagna_Daamah_4.apk,decompiled_files/10k-50k/so.ateya.ahmed.Lagna_Daamah_4,Empty output directory after jadx run
downloaded_apks/10k-50k/com.mobtech.ambition_23.apk,decompiled_files/10k-50k/com.mobtech.ambition_23,Empty output directory after jadx run
downloaded_apks/10k-50k/com.happydev4u.thaienglishtranslator_62.apk,decompiled_files/10k-50k/com.happydev4u.thaienglishtranslator_62,Empty output directory after jadx run
downloaded_apks/10k-50k/com.simplexi.messenger_2021020104.apk,decompiled_files/10k-50k/com.simplexi.messenger_2021020104,Empty output directory after jadx run
downloaded_apks/10k-50k/com.david.mybaby_150.apk,decompiled_files/10k-50k/com.david.mybaby_150,Empty output directory after jadx run
downloaded_apks/10k-50k/com.rinfo.android.notepad_82.apk,decompiled_files/10k-50k/com.rinfo.android.notepad_82,Empty output directory after jadx run
downloaded_apks/10k-50k/jp.gomisuke.app.Gomisuke0003_12.apk,decompiled_files/10k-50k/jp.gomisuke.app.Gomisuke0003_12,Empty output directory after jadx run
downloaded_apks/10k-50k/com.greatcatholicmusic.app_12.apk,decompiled_files/10k-50k/com.greatcatholicmusic.app_12,Empty output directory after jadx run
downloaded_apks/10k-50k/com.darkmodeapps.coverletter_4.apk,decompiled_files/10k-50k/com.darkmodeapps.coverletter_4,Empty output directory after jadx run
downloaded_apks/10k-50k/com.bdcricketlivescore.bangladeshcricketlivematchhd_16.apk,decompiled_files/10k-50k/com.bdcricketlivescore.bangladeshcricketlivematchhd_16,Empty output directory after jadx run
downloaded_apks/10k-50k/com.mysiteanalytics.msa_116.apk,decompiled_files/10k-50k/com.mysiteanalytics.msa_116,Empty output directory after jadx run
downloaded_apks/10k-50k/kr.co.echeck.smu_20301.apk,decompiled_files/10k-50k/kr.co.echeck.smu_20301,Empty output directory after jadx run
downloaded_apks/10k-50k/com.enctech.sleeptracker_58.apk,decompiled_files/10k-50k/com.enctech.sleeptracker_58,Empty output directory after jadx run
downloaded_apks/10k-50k/com.voicerecorder.recording.audiorecorder_21.apk,decompiled_files/10k-50k/com.voicerecorder.recording.audiorecorder_21,Empty output directory after jadx run
downloaded_apks/10k-50k/com.blueappsllc.bomdia_1.apk,decompiled_files/10k-50k/com.blueappsllc.bomdia_1,Empty output directory after jadx run
downloaded_apks/10k-50k/br.com.originalsoftware.taxifonecliente.teleTaxiSalvador_3665.apk,decompiled_files/10k-50k/br.com.originalsoftware.taxifonecliente.teleTaxiSalvador_3665,Empty output directory after jadx run
downloaded_apks/10k-50k/com.locatify.guide.bslauschtour_979.apk,decompiled_files/10k-50k/com.locatify.guide.bslauschtour_979,Empty output directory after jadx run
downloaded_apks/10k-50k/yesthemes.gaming.dice.battlefield1.battlefield5.bf1.bf5.games.android.launcher.wallpapers_5.apk,decompiled_files/10k-50k/yesthemes.gaming.dice.battlefield1.battlefield5.bf1.bf5.games.android.launcher.wallpapers_5,Empty output directory after jadx run
downloaded_apks/10k-50k/com.knockonly.marathi.marathisuvichar_8.apk,decompiled_files/10k-50k/com.knockonly.marathi.marathisuvichar_8,Empty output directory after jadx run
downloaded_apks/10k-50k/com.engagement.ringsdesign_18.apk,decompiled_files/10k-50k/com.engagement.ringsdesign_18,Empty output directory after jadx run
downloaded_apks/10k-50k/com.urvas.marathistatus_3.apk,decompiled_files/10k-50k/com.urvas.marathistatus_3,Empty output directory after jadx run
downloaded_apks/10k-50k/net.mohadaratdiniya.fatawa.ibnuthaymeen_1002.apk,decompiled_files/10k-50k/net.mohadaratdiniya.fatawa.ibnuthaymeen_1002,Empty output directory after jadx run
downloaded_apks/10k-50k/no.nordicsemi.android.nrfthingy_39.apk,decompiled_files/10k-50k/no.nordicsemi.android.nrfthingy_39,Empty output directory after jadx run
downloaded_apks/10k-50k/com.walid.appmuslim_14.apk,decompiled_files/10k-50k/com.walid.appmuslim_14,Empty output directory after jadx run
downloaded_apks/10k-50k/com.r.indian_rivers_15.apk,decompiled_files/10k-50k/com.r.indian_rivers_15,Empty output directory after jadx run
downloaded_apks/10k-50k/com.appsamimanera.calendarioportugues_8.apk,decompiled_files/10k-50k/com.appsamimanera.calendarioportugues_8,Empty output directory after jadx run
downloaded_apks/10k-50k/com.homecu.bwuccu_2097.apk,decompiled_files/10k-50k/com.homecu.bwuccu_2097,Empty output directory after jadx run
downloaded_apks/10k-50k/com.dabdeveloper.moviedb.android_35.apk,decompiled_files/10k-50k/com.dabdeveloper.moviedb.android_35,Empty output directory after jadx run
downloaded_apks/10k-50k/com.pccomputer.udhar_khata_book_10.apk,decompiled_files/10k-50k/com.pccomputer.udhar_khata_book_10,Empty output directory after jadx run
downloaded_apks/10k-50k/com.tegut.tbox_2000000542.apk,decompiled_files/10k-50k/com.tegut.tbox_2000000542,Empty output directory after jadx run
downloaded_apks/10k-50k/in.letslearnak.MarathiGrammar_17.apk,decompiled_files/10k-50k/in.letslearnak.MarathiGrammar_17,Empty output directory after jadx run
downloaded_apks/10k-50k/com.arashpayan.prayerbook_23.apk,decompiled_files/10k-50k/com.arashpayan.prayerbook_23,Empty output directory after jadx run
downloaded_apks/10k-50k/com.xdevel.radiomargherita_3002000.apk,decompiled_files/10k-50k/com.xdevel.radiomargherita_3002000,Empty output directory after jadx run
downloaded_apks/10k-50k/com.proapps.sword.sounds_1001.apk,decompiled_files/10k-50k/com.proapps.sword.sounds_1001,Empty output directory after jadx run
downloaded_apks/>5M/com.bigfishgames.gummydropgoogle_51803001.apk,decompiled_files/>5M/com.bigfishgames.gummydropgoogle_51803001,Empty output directory after jadx run
downloaded_apks/>5M/com.mensajes.borrados.deleted.messages_206.apk,decompiled_files/>5M/com.mensajes.borrados.deleted.messages_206,Empty output directory after jadx run
downloaded_apks/>5M/com.Seabaa.Dual_1514.apk,decompiled_files/>5M/com.Seabaa.Dual_1514,Empty output directory after jadx run
downloaded_apks/>5M/kr.co.lylstudio.httpsguard_175.apk,decompiled_files/>5M/kr.co.lylstudio.httpsguard_175,Empty output directory after jadx run
downloaded_apks/>5M/jp.gocro.smartnews.android_884.apk,decompiled_files/>5M/jp.gocro.smartnews.android_884,Empty output directory after jadx run
downloaded_apks/>5M/com.vpnoneclick.android_315.apk,decompiled_files/>5M/com.vpnoneclick.android_315,Empty output directory after jadx run
downloaded_apks/>5M/com.apnax.wordpark_49.apk,decompiled_files/>5M/com.apnax.wordpark_49,Empty output directory after jadx run
downloaded_apks/>5M/com.erudite.translator_86.apk,decompiled_files/>5M/com.erudite.translator_86,Empty output directory after jadx run
downloaded_apks/>5M/in.vineetsirohi.customwidget_319.apk,decompiled_files/>5M/in.vineetsirohi.customwidget_319,Empty output directory after jadx run
downloaded_apks/>5M/com.aryservices.arynews.en_80970.apk,decompiled_files/>5M/com.aryservices.arynews.en_80970,Empty output directory after jadx run
downloaded_apks/>5M/com.hardgrnd.lineup11_122.apk,decompiled_files/>5M/com.hardgrnd.lineup11_122,Empty output directory after jadx run
downloaded_apks/>5M/com.beki.live_50.apk,decompiled_files/>5M/com.beki.live_50,Empty output directory after jadx run
downloaded_apks/>5M/com.compassfree.digitalcompass.forandroid.app_46.apk,decompiled_files/>5M/com.compassfree.digitalcompass.forandroid.app_46,Empty output directory after jadx run
downloaded_apks/>5M/com.jeremysteckling.facerrel_1111820.apk,decompiled_files/>5M/com.jeremysteckling.facerrel_1111820,Empty output directory after jadx run
downloaded_apks/>5M/vidstatus.com_30.apk,decompiled_files/>5M/vidstatus.com_30,Empty output directory after jadx run
downloaded_apks/>5M/appinventor.ai_mmfrutos7878.Ancleaner_188.apk,decompiled_files/>5M/appinventor.ai_mmfrutos7878.Ancleaner_188,Empty output directory after jadx run
downloaded_apks/>5M/com.AppRocks.now.prayer_907.apk,decompiled_files/>5M/com.AppRocks.now.prayer_907,Empty output directory after jadx run
downloaded_apks/>5M/com.koreanair.passenger_608.apk,decompiled_files/>5M/com.koreanair.passenger_608,Empty output directory after jadx run
downloaded_apks/>5M/com.photovideo.slideshowmaker.makerslideshow_151.apk,decompiled_files/>5M/com.photovideo.slideshowmaker.makerslideshow_151,Empty output directory after jadx run
downloaded_apks/>5M/com.fehmin.bikeometer_40.apk,decompiled_files/>5M/com.fehmin.bikeometer_40,Empty output directory after jadx run
downloaded_apks/>5M/com.gameloft.android.ANMP.GloftIVHM_21401.apk,decompiled_files/>5M/com.gameloft.android.ANMP.GloftIVHM_21401,Empty output directory after jadx run
downloaded_apks/>5M/jp.or.nhk.news_81.apk,decompiled_files/>5M/jp.or.nhk.news_81,Empty output directory after jadx run
downloaded_apks/>5M/com.tmobile.vvm.application_784457.apk,decompiled_files/>5M/com.tmobile.vvm.application_784457,Empty output directory after jadx run
downloaded_apks/>5M/com.free.neo.vpn_77761.apk,decompiled_files/>5M/com.free.neo.vpn_77761,Empty output directory after jadx run
downloaded_apks/>5M/com.rvappstudios.flashlight_209.apk,decompiled_files/>5M/com.rvappstudios.flashlight_209,Empty output directory after jadx run
downloaded_apks/>5M/jp.happyon.android_300002717.apk,decompiled_files/>5M/jp.happyon.android_300002717,Empty output directory after jadx run
downloaded_apks/>5M/com.kumobius.android.walljumper_23.apk,decompiled_files/>5M/com.kumobius.android.walljumper_23,Empty output directory after jadx run
downloaded_apks/>5M/com.cutestudio.led.color.sms_244.apk,decompiled_files/>5M/com.cutestudio.led.color.sms_244,Empty output directory after jadx run
downloaded_apks/>5M/com.hblackcat.mob_android_finder_16.apk,decompiled_files/>5M/com.hblackcat.mob_android_finder_16,Empty output directory after jadx run
downloaded_apks/>5M/com.cosima.ryt3mus_508.apk,decompiled_files/>5M/com.cosima.ryt3mus_508,Empty output directory after jadx run
downloaded_apks/>5M/com.pdf.viewer.pdfreader_90.apk,decompiled_files/>5M/com.pdf.viewer.pdfreader_90,Empty output directory after jadx run
downloaded_apks/>5M/musicdownloader.monster.videodownloader_24.apk,decompiled_files/>5M/musicdownloader.monster.videodownloader_24,Empty output directory after jadx run
downloaded_apks/>5M/com.sensustech.acremotecontrol_14.apk,decompiled_files/>5M/com.sensustech.acremotecontrol_14,Empty output directory after jadx run
downloaded_apks/>5M/com.burakgon.netoptimizer_1386.apk,decompiled_files/>5M/com.burakgon.netoptimizer_1386,Empty output directory after jadx run
downloaded_apks/>5M/cleaner.clean.booster_231.apk,decompiled_files/>5M/cleaner.clean.booster_231,Empty output directory after jadx run
downloaded_apks/>5M/com.tmobtech.halkbank_5221.apk,decompiled_files/>5M/com.tmobtech.halkbank_5221,Empty output directory after jadx run
downloaded_apks/>5M/handasoft.mobile.divination_2913.apk,decompiled_files/>5M/handasoft.mobile.divination_2913,Empty output directory after jadx run
downloaded_apks/>5M/com.kddi.android.videopass_40000131.apk,decompiled_files/>5M/com.kddi.android.videopass_40000131,Empty output directory after jadx run
downloaded_apks/>5M/com.wachanga.pregnancy_400269.apk,decompiled_files/>5M/com.wachanga.pregnancy_400269,Empty output directory after jadx run
downloaded_apks/>5M/in.mylo.pregnancy.baby.app_10703.apk,decompiled_files/>5M/in.mylo.pregnancy.baby.app_10703,Empty output directory after jadx run
downloaded_apks/>5M/imagetopdf.pdfconverter.jpgtopdf.pdfeditor_80.apk,decompiled_files/>5M/imagetopdf.pdfconverter.jpgtopdf.pdfeditor_80,Empty output directory after jadx run
downloaded_apks/>5M/com.nhn.android.navertv_1091500.apk,decompiled_files/>5M/com.nhn.android.navertv_1091500,Empty output directory after jadx run
downloaded_apks/>5M/com.sgk.eganna.in_59.apk,decompiled_files/>5M/com.sgk.eganna.in_59,Empty output directory after jadx run
downloaded_apks/>5M/it.vincenzoamoruso.theinterpreter_20299.apk,decompiled_files/>5M/it.vincenzoamoruso.theinterpreter_20299,Empty output directory after jadx run
downloaded_apks/>5M/kim.uno.s8_209.apk,decompiled_files/>5M/kim.uno.s8_209,Empty output directory after jadx run
downloaded_apks/>5M/com.deepseek.chat_78.apk,decompiled_files/>5M/com.deepseek.chat_78,Empty output directory after jadx run
downloaded_apks/>5M/com.bitaksi.musteri_440830303.apk,decompiled_files/>5M/com.bitaksi.musteri_440830303,Empty output directory after jadx run
downloaded_apks/>5M/com.ncloudtech.cloudoffice_2915035.apk,decompiled_files/>5M/com.ncloudtech.cloudoffice_2915035,Empty output directory after jadx run
downloaded_apks/>5M/funny.prank.sounds.airhorn.haircut.fart_65.apk,decompiled_files/>5M/funny.prank.sounds.airhorn.haircut.fart_65,Empty output directory after jadx run
downloaded_apks/>5M/za.co.fnb.connect.itt_5765.apk,decompiled_files/>5M/za.co.fnb.connect.itt_5765,Empty output directory after jadx run
downloaded_apks/>5M/com.SouthernPacificOceanFisher.VoiceToText_memo_186.apk,decompiled_files/>5M/com.SouthernPacificOceanFisher.VoiceToText_memo_186,Empty output directory after jadx run
downloaded_apks/>5M/tv.remote.control.firetv_1153.apk,decompiled_files/>5M/tv.remote.control.firetv_1153,Empty output directory after jadx run
downloaded_apks/>5M/com.scb.phone_9421.apk,decompiled_files/>5M/com.scb.phone_9421,Empty output directory after jadx run
downloaded_apks/>5M/com.chase.sig.android_464474918.apk,decompiled_files/>5M/com.chase.sig.android_464474918,Empty output directory after jadx run
downloaded_apks/>5M/com.lightinthebox.android_88602.apk,decompiled_files/>5M/com.lightinthebox.android_88602,Empty output directory after jadx run
downloaded_apks/500-1k/kr.ac.jbnu.ch_3634.apk,decompiled_files/500-1k/kr.ac.jbnu.ch_3634,Empty output directory after jadx run
downloaded_apks/500-1k/uk.co.catalinasoftware.freedomgo.crawfords_3300.apk,decompiled_files/500-1k/uk.co.catalinasoftware.freedomgo.crawfords_3300,Empty output directory after jadx run
downloaded_apks/500-1k/com.praxinfo.gtc_10005.apk,decompiled_files/500-1k/com.praxinfo.gtc_10005,Empty output directory after jadx run
downloaded_apks/500-1k/all.language.translator.hub.bengalitourdutranslator_48.apk,decompiled_files/500-1k/all.language.translator.hub.bengalitourdutranslator_48,Empty output directory after jadx run
downloaded_apks/500-1k/com.momosoft.goodmemo_4.apk,decompiled_files/500-1k/com.momosoft.goodmemo_4,Empty output directory after jadx run
downloaded_apks/500-1k/uk.co.audiotrails.stmagnusway_9.apk,decompiled_files/500-1k/uk.co.audiotrails.stmagnusway_9,Empty output directory after jadx run
downloaded_apks/500-1k/nl.foodticket.app.orderapp1127_6.apk,decompiled_files/500-1k/nl.foodticket.app.orderapp1127_6,Empty output directory after jadx run
downloaded_apks/500-1k/ru.navikey.airlayobjectcollector_409.apk,decompiled_files/500-1k/ru.navikey.airlayobjectcollector_409,Empty output directory after jadx run
downloaded_apks/500-1k/hicaltech87.homesteptest.threeminutesfitnesstest_2.apk,decompiled_files/500-1k/hicaltech87.homesteptest.threeminutesfitnesstest_2,Empty output directory after jadx run
downloaded_apks/500-1k/com.fnoex.fan.uncbears_20001548.apk,decompiled_files/500-1k/com.fnoex.fan.uncbears_20001548,Empty output directory after jadx run
downloaded_apks/500-1k/com.formasapp.mimaquinaria_4.apk,decompiled_files/500-1k/com.formasapp.mimaquinaria_4,Empty output directory after jadx run
downloaded_apks/500-1k/com.social.ekchat_78.apk,decompiled_files/500-1k/com.social.ekchat_78,Empty output directory after jadx run
downloaded_apks/500-1k/app.madamarket.android_6.apk,decompiled_files/500-1k/app.madamarket.android_6,Empty output directory after jadx run
downloaded_apks/500-1k/com.doodle.dehqon_15.apk,decompiled_files/500-1k/com.doodle.dehqon_15,Empty output directory after jadx run
downloaded_apks/500-1k/com.heydomo.vendors_19.apk,decompiled_files/500-1k/com.heydomo.vendors_19,Empty output directory after jadx run
downloaded_apks/500-1k/com.mercury.easydonate_27.apk,decompiled_files/500-1k/com.mercury.easydonate_27,Empty output directory after jadx run
downloaded_apks/500-1k/clipescola.android.aster_10512.apk,decompiled_files/500-1k/clipescola.android.aster_10512,Empty output directory after jadx run
downloaded_apks/500-1k/com.subsplash.thechurchapp.tricitiesbaptistchurch_2290.apk,decompiled_files/500-1k/com.subsplash.thechurchapp.tricitiesbaptistchurch_2290,Empty output directory after jadx run
downloaded_apks/500-1k/stereo.grandeza_5.apk,decompiled_files/500-1k/stereo.grandeza_5,Empty output directory after jadx run
downloaded_apks/500-1k/com.teramatrix.vos_60.apk,decompiled_files/500-1k/com.teramatrix.vos_60,Empty output directory after jadx run
downloaded_apks/500-1k/com.Reliable.AmruthPOPS_20.apk,decompiled_files/500-1k/com.Reliable.AmruthPOPS_20,Empty output directory after jadx run
downloaded_apks/500-1k/com.subsplashconsulting.s_2WH3CQ_2245.apk,decompiled_files/500-1k/com.subsplashconsulting.s_2WH3CQ_2245,Empty output directory after jadx run
downloaded_apks/500-1k/nl.mijnbezorgapp.kid_85_84.apk,decompiled_files/500-1k/nl.mijnbezorgapp.kid_85_84,Empty output directory after jadx run
downloaded_apks/500-1k/com.tenapps.allindianews_7.apk,decompiled_files/500-1k/com.tenapps.allindianews_7,Empty output directory after jadx run
downloaded_apks/500-1k/com.rootekstudio.repeatsandroid_2080013.apk,decompiled_files/500-1k/com.rootekstudio.repeatsandroid_2080013,Empty output directory after jadx run
downloaded_apks/500-1k/com.marchas.semana_santa_3.apk,decompiled_files/500-1k/com.marchas.semana_santa_3,Empty output directory after jadx run
downloaded_apks/500-1k/com.ingeniando.ciudadelaelejercito_3.apk,decompiled_files/500-1k/com.ingeniando.ciudadelaelejercito_3,Empty output directory after jadx run
downloaded_apks/500-1k/to.ord.app_32.apk,decompiled_files/500-1k/to.ord.app_32,Empty output directory after jadx run
downloaded_apks/500-1k/com.netpulse.mobile.fysiozorgrijssen_106.apk,decompiled_files/500-1k/com.netpulse.mobile.fysiozorgrijssen_106,Empty output directory after jadx run
downloaded_apks/500-1k/com.appsfreestations.radiosdeadalucia_7.apk,decompiled_files/500-1k/com.appsfreestations.radiosdeadalucia_7,Empty output directory after jadx run
downloaded_apks/500-1k/net.hanulsoft.busanmba_101.apk,decompiled_files/500-1k/net.hanulsoft.busanmba_101,Empty output directory after jadx run
downloaded_apks/500-1k/com.fc2.blog9.zze128.poffxtwinkle_5.apk,decompiled_files/500-1k/com.fc2.blog9.zze128.poffxtwinkle_5,Empty output directory after jadx run
downloaded_apks/500-1k/hl.weightloss.fitness.calories.counter.diet.plan_6.apk,decompiled_files/500-1k/hl.weightloss.fitness.calories.counter.diet.plan_6,Empty output directory after jadx run
downloaded_apks/500-1k/com.alphaapps.awfarlak_11.apk,decompiled_files/500-1k/com.alphaapps.awfarlak_11,Empty output directory after jadx run
downloaded_apks/500-1k/com.tokai.coraline_1.apk,decompiled_files/500-1k/com.tokai.coraline_1,Empty output directory after jadx run
downloaded_apks/500-1k/com.areeb.doobo_535.apk,decompiled_files/500-1k/com.areeb.doobo_535,Empty output directory after jadx run
downloaded_apks/500-1k/com.whiteclouds.christmascakeideagallery_8.apk,decompiled_files/500-1k/com.whiteclouds.christmascakeideagallery_8,Empty output directory after jadx run
downloaded_apks/500-1k/com.app.user.sureEcosystem_51.apk,decompiled_files/500-1k/com.app.user.sureEcosystem_51,Empty output directory after jadx run
downloaded_apks/500-1k/com.fitnessmobileapps.sportsethealthandfitness_620000.apk,decompiled_files/500-1k/com.fitnessmobileapps.sportsethealthandfitness_620000,Empty output directory after jadx run
downloaded_apks/500-1k/com.skylinedynamics.zawyt_alshawarma_26.apk,decompiled_files/500-1k/com.skylinedynamics.zawyt_alshawarma_26,Empty output directory after jadx run
downloaded_apks/500-1k/com.apptegy.palmyra_24.apk,decompiled_files/500-1k/com.apptegy.palmyra_24,Empty output directory after jadx run
downloaded_apks/500-1k/com.adelya.otv2_239.apk,decompiled_files/500-1k/com.adelya.otv2_239,Empty output directory after jadx run
downloaded_apks/500-1k/com.mappytom.manager_app_63.apk,decompiled_files/500-1k/com.mappytom.manager_app_63,Empty output directory after jadx run
downloaded_apks/500-1k/com.socorroec.smartapps_626.apk,decompiled_files/500-1k/com.socorroec.smartapps_626,Empty output directory after jadx run
downloaded_apks/500-1k/br.com.movibrasil.taxi.drivermachine_915.apk,decompiled_files/500-1k/br.com.movibrasil.taxi.drivermachine_915,Empty output directory after jadx run
downloaded_apks/500-1k/com.citygovapp.washoeir_8.apk,decompiled_files/500-1k/com.citygovapp.washoeir_8,Empty output directory after jadx run
downloaded_apks/500-1k/com.stranger_thingss.wallpaper_10.apk,decompiled_files/500-1k/com.stranger_thingss.wallpaper_10,Empty output directory after jadx run
downloaded_apks/500-1k/com.keywee.shipping.shipitto_29.apk,decompiled_files/500-1k/com.keywee.shipping.shipitto_29,Empty output directory after jadx run
downloaded_apks/500-1k/com.beoneapps.rutadelaplata_11.apk,decompiled_files/500-1k/com.beoneapps.rutadelaplata_11,Empty output directory after jadx run
