app_id,version_code
com.shiv.lovevideoringtoneforincomingcall.romanticvideoringtone,6
cz.kudyznudy.tipynavikend,4206261
com.geekgames.DeepSpace,121
develentum.digital_card,150
com.megalean.megaticket,2060000
bandimancho.la_machine_a_bonheur,9
com.mehmetokuyan.meal,19
com.Ozim.Game.Studio.Gun.shootins.Game,40
bleapp.volfw.watchpower,5
com.paaya.lost.found.find.missing.things.help,19
com.evato.o4s.indigo,20
com.apptualizame.agendapersonalgratis,24
com.love.video.ringtone.free.caller.screen.incoming.call,14
aries.daily.horoscopes,70
com.KnightsCave.A3and16Piece,27
com.varravgames.findthedoodle2,6
com.hog.offroad.pickup.truck.game,14
summoners.raid.war.legends.turn.rpg.aldagames.com,200
com.NomanCreates.QismatKaHaal,7
com.gameimake.wifefallinlovewithhusbandmarriagelifestory,16
com.spacehey.app,56
freeappshouse.girls.jeans.fashion.selfie.photoframes,17
com.multiplayer.blockycombatstrikezombiesurvival,41
com.gereentp.campersAPP,20103
com.extra.androary.solitaire,312
com.dgtldreams.BracketTracker,2094
com.creditrepair.android,20528
com.KhoGames.SurpriseChocolateEggs,50
com.abi.hotdog.tycoon,37
jp.co.gakkonet.quizninjaadultkanjikaki,4820001
com.wooribank.smlg_android,20800
com.mayulinavarro.comoconquistaraunamujer,19
com.fullfat.android.blockyrugby,14
finarea.JustVoip,876
com.gb.crimecity.shadowgangster.theftstory,15
com.wdtinc.android.KWTV,1171
com.moonstarinc.ecs,52
com.dakshdeveloper.whatsappstatussaver,24
me.commiss.mobile,5
nl.dannit.android.airfryerbaktijden,5
com.pixelpie.bubblemasters,539
cz.bukacek.filestocomputer,81
com.Abcia2.LifeInGachaLife,27000
com.thinkbitsolutions.games.brawlquestluwan,401
namalamzangi.com.obstetric,8
com.riwayaatsajinato.alqaserkamilah,3
com.img.city.builder.construction.games,26
com.bliss.bliss_tab,359
com.agedstudio.bubble.magic.puzzle.game.classic,768
com.normal5.modbussidmobilfortune,6
jp.co.trips.menkyokari,7410001
com.elysium.kingdom.hero.manga.impact.mmorpg.rpg.fun.game,113
com.cabonline.taxikurir,5992
kr.or.adventist.MobileAdventist,515
com.indyx.android,519
com.erbasaran.bebekninnileri,6
com.asap.courier,676
com.c63.drift.city.simulator,200009
com.riseup.found.it.scavenger.hunt,1212
com.narayanagroup.kids,37
com.skoop.sarku.a,20108
mt.com.go.mygoapp,2090006
cl.innova_ti.tfp_app_mobile,316
com.murka.puzzle.detective.match3,394932
com.alesp.orologiomondiale,109
com.gmz2rk.ufcm,121
jp.co.osakagas.myosakagas,33
com.vpn.secvpn,22
com.modbus.modtrukragasa,7
com.disprz.bajajallianz,484
za.co.syntell.payCity2,51801
com.ayodev.tafssir.a7lam,4
com.mcs.urdu.larkion.ganday.latifay.girls.jokes,4
com.wcdms.mochhatua,37
com.itechappsstudio.darood.shareef.taj.tanjeena.ibrahimi.lakhi.muqadas.akbar.urdu.english.audio.mp3,30
com.juniorgames.cooking.peanut.butter.jelly.sandwich,11
com.helping.abdul.rahman.mossad,10
com.CasualArena.Brisca,101
com.blackpumalabs.treasureisland,211
makingwaves.in.vn.android.app,50123
com.devry.mobileapps.devry,121
com.gannett.local.library.news.kare,2024112020
negaxy.galaxypuzzle.galazysmash,22
com.mobilike.sdn,405
com.orange.simon.memory.game,10
com.funapps.bollywoodstickerapp,10
com.videoconference.meetingcall.videocall,21
com.tacotimenw.tacotimenw.android.app,325
com.kgo.kidsbikewash.servicestationgame,33
focus.pomodoro.timer.technique,300
com.alquranmp3.latest,16
ru.nso.dnevnik,202302150
com.controlcenter.icontrol.os,33
couple.fashion.photo.suit.latest,8
com.happy.new.year.photo.frames.new.year.photo.frame_new,15
com.ziggycrane.time,321
com.vernier.graphicalanalysis,5643
com.frugalflyer.airport.zyl,58
tc.media.constructo,20200420
com.ggonggee.oneshotimposter,2
nl.workspace.tcommtelematics.planner,33
aksharfees.com.aksharcred,4
com.ikeyboard.theme.joker.black,2
nl.go4hockey.trainercoach,10
com.FacturaOnline.Demo,100060
com.mytoursapp.android.app3509,1709000312
com.ousoul.iman,3
com.cqsoluciones.radio.fmmix909,13
co.jarvis.trcl,22
com.DavidWu.MrAkyatDressUp,2
krushnavallabhacharyajimaharaj.anadishrikrushnanarayanbhagavan.pragat.pragat_darshan,2
com.incevio.zcart_seller,5
xwinfotec.vietnamesechinesetranslate,25
co.jorah.excac,45
com.rxwikiplus.a7313520820,20191218
nl.cone.berijdersapp.driessenautolease,4
ae.xrivals,10088
mx.lajornadamaya.ljmappmov,7
com.tallanto.wr_school_kaliningrad,7000
br.org.adxingu.appEK614,206001
com.telventdtn.portal.mobile.cco,2003102000
com.eastfrisia.aisloganwriter,21
co.dv2.member.caphanoi,170
com.agustawestland.awpilot,12100
app.tutubi,146
com.osrt.app,2000001
com.subsplashconsulting.s_7FZ8T9,2245
com.subsplashconsulting.s_Q8MJX9,2290
com.carvazo.mecapp,103
com.asadeveloper.stikergusazmi,2
com.eryaz.canoto,4
com.obvio.claimit.garp,10
de.scbottrop.app,88
co.thor.pjtjw,14
com.iwaiterapp.saffronloungecheltenham,591
com.invogue.flower.shop,2
net.thompsoninnovation.SimonFM,44
com.zenoti.agelesstriad,380
com.zitelia.bytech,10901
appinventor.ai_portoairlines.DEPTH_CALCULATOR_V2,1
com.ridlia.slidefour,4
com.schoolbridge.leaphigh,6000023
de.isycontrol.isymobile,25
br.com.ultramax.gestaoescolar.escrevivendo,1628700030
org.wycliffe.cakss.kaqchikel.sur.sacatepequez,9
com.allinone.allshopping.application.usa.usasshopping.allinone.dictionary.traslate.news.topsites.latesttrends,5
com.hzyc.royal,5
happy.game.mergemaster,1
com.wagerwire.wagerwire,90
com.hrygames.PrivateBoatSimulator,2
com.foodtec.bluejeanspizza,81
br.com.devmaker.blaununes,2
com.badonphoenixsunswallpapers4k.phoenixsunswallpapers4k,5
co.thanos.hvbye,29
co.jarvis.eduin,31
com.Lotto.Geany,10004
com.gulaqmf.app,3
com.SimpleBuff.ZombieBlockBreack,37
com.fudicia.moviequotes,8
com.tcllew.sridharavani,8
br.com.segware.mysecurity.newline1940,4194313
co.jorah.ocunl,22
com.FullBatteryGames.RollCrowd3D,1008
com.Bones54.Quadriem,216
com.seven.history_six,3
nl.comto.hoekgroen,73
co.varys.xhams,39
com.appseo.radioenergybaselnrj,10
com.ctre.phoenix_tuner,54
com.sms360.mobile,348
com.evolvmobileproduction,91
com.wheel.customer,17
com.globalcoffeetours.passport,29
com.neverthesame.claimyourcampusapp,7
com.navemar.container_check,3
com.attorneyOfficial.app,13
com.app_spaspamikkelborg.layout,1007
com.LeafStudio.JewelsMysteryLand,37
com.breathwork.masterclass,17
com.tithely.app.c39676,41112
co.nedstark.studcl,41
s0011.eklikk.com,226001
com.studyspring.vocabulary.builder.englishlearning,3
fr.free.dvalot.aligna,132
com.dandenongtaxi13cab,8
co.white.irxfj,13
com.loyaltyclubs.countryclub,26
co.lily.tzgdw,10
it.sfscon.app,2
com.oskkio.app,1165
com.DarkPhenix.BatChillout,3
co.lynde.gnvgf,11
de.footmap.guide.lamerleben,89
com.stefanvd.returntooffice,6
com.apolloengine.westchurch,412910
com.whiteflower10001.Live_Code_Editor_and_Tester,12
games.mousetrap.cardsup,20100
com.SkyQR.SkyQRApp,47
com.northerncu.mobileapp,2017110069
com.mobiledoorman.lincolnpropertycompany,171
com.tunzaa,2025
br.com.urbmobilidade.client,100053
com.syncromatics.rtpi.breck,1735998394
com.app.dilse,39
com.samsung.s21stock.ringtone,4
com.zapptax.zapptax,338
org.pictalk.www.twa,4
com.ictech.smartunlock,12
com.astroapps.connexion,4
com.enetres.feb,41005
fr.lesindesradios.contactfm,200104
com.williesrewards.app,72
com.redcubez.easygrader,23800
com.pulseuniform.rizno,87
com.axismarkets.rumble,10
com.buzzato.gurgaon,25
com.zclouds.breaking.news.hungary,11
com.halflife.halflifequizvalvetrivia,5
com.lloydslist,48
com.newmcpemod.werewolf,4
com.whatme.makeup,6
com.premiumappsfactory.women,50000000
com.amantrackpro.client.android,1010
bewust.mediteren.app.meditation.app,59
com.blackspoongames.huntingfree,52
notifier.bluetooth.notification.smartwatchs,13
com.hanamobile.app.fanpoint,34
co.arya.owrzd,42
com.famobi.bubbletower3d,20019
com.bolbam.ringtone.mahakal.shiv.bhakti.bhojpuri.kawariya.mp3.song.bolbamringtone,3
com.focusmedica.digitalatlas.neuroanatomy,20
ar.gob.agip.mobile,11033
com.colorwhite.liemengsushe,3
hr.apps.n1051294,562100014
com.lucky.color,4
com.bandai.vitalbraceletarena,20
com.fellhuhn.fidchell,2250
com.free.music.ringtones.download.ringtoneapp.call,4
com.varta.psg_wallpapers,20
com.ofw.libangan,20
com.MA.Wedding.Dresses.Try.On.Virtual.Dressing.Room,3
com.radiopalma.ajvierci,3
com.kounan.sellpay,40
org.hostedgames.lostheir3,19
com.wowthemes.christmastechgiangtheme.one,202301006
com.n25768.noomadeena,6889842
com.andornet.mobilitat,10604
com.seed.christian_marriage,35
com.immigration.eoir,24
app.pamdeveloper.holyrosaryliberation,2
com.bayu.ceritadongenglengkap,13
com.vwa.vwaclaim,307080
com.grafdom.edarabia,5
com.a08290727.wallet.cardcontrol,43
air.com.gamblershome.pharaon,2000004
com.br.vertice.jogoforcabiblico,300
go.ssk.oqs.oqs_mobile_app,42
com.best.bible.verses.topic.inspirational,9
de.computerbild.speedtest,20
co.jarvis.drmc,74
be.hannibal.holidaypark,6
com.UFDTechnologies.CarRacing.drifting.games,18
co.beatplus.jagger,8400
com.enpv1.magicalcookieland,46
com.swash.transitworld.parisp,53
net.minimap.minimapweb,52
be.acerta.app.prd,41
selfie.photo.apps.smarty,640010
fm.hakawati,115
com.xeeplaygames.call.of.ww2.shooting.game,27
com.wordconnect.wordcookies.scg,13
com.pubstagames.taboo,16
com.shappstudio.banglachotosurah,3
com.clubonevegas.android,16
upmc.tdc.emsnavigator,69
com.rmektk.rmekonnect,28
air.com.ecf.IranTracking,50001002
com.brasov.citycare,20300
com.lovestarsonline.app,12
com.faviapps.amor,5
com.payroller,121
com.pacifiko.global,53
de.nw.news.ampapp,390
com.Dzirisoft.OctopusGame456,5
ssa.galaxy.s6.edge.plus.j7.prime.j3.note7.wallpaper.theme.launcher,4
eu.doctorbox.mobile.android.doctorbox,327
blackart.mynameddd.livewp,17
net.kojima.android.mobile,41
com.fancymedia.diamond,37
com.anniversary.wishes.images,14
com.kkkeyboard.emoji.keyboard.theme.mSpheresPink,350
com.thai.keyboard.thai.language.keyboard.typing,17
at.radio.android,21805
com.atlasdata.french.lessons,1005
timeshunt.malayalam.calendar,49
com.ikeyboard.theme.pink.selfie.girl,12
com.sweetskinsmax.dreamskinsminecraft,5
com.shiamuslimproject.main,123
com.teamflyer.indiantractorsimulator3d,13
com.last.fighter.virtual.kids.education,1600016
com.xcelonline,34
baby.photo.frames.editor.baby.photo.collage.maker.collages.mixer,13
com.storytoys.thomasandfriends.google,445
com.mbplc.sizzlingapp,1694617360
com.minidragon.dw,202504030
com.shareitagain.christmas.stickers,21
com.zegome.game.oanquan,250
amgstudio.waktusolatmalaysia,1108
com.ogs.ship.simulator,7
com.fourglabs.farmstore,135
com.workSPACE.Fraksl,30
app.bpjs.mobilefaskes,30
org.artsplanet.android.yurukeigostamp,11
com.pinkpointer.wordsearch2,20208
com.memeteo.weather,155
com.fitshow,298
com.LoveHeartsLiveWallpaperHQ,91
com.wlingua.frenchcourse,361
com.storevn.applock,24
com.ayyanremote.sharptvremote,11
com.bbbbb.multtable,15
net.workoutinc.yoga.beginners.free.workouts.studio,609
za.co.eskom.myeskom.customer,1000726
com.ikeyboard.theme.black.phone_11,13
js.javascript.web.coding.programming.learn.development,160
com.widgets.widget_ios,25
com.nrg.RealCarDrivingSchool,106
nl.omroepgelderland.android,10370
com.analogclocklivewallpaper.analogclock,22
com.ubimet.uwz,37
com.gezellig.savethedate,64
com.MamiGames.LarenP1DriftDrivingSimulator,50
com.DL.war.planes.inc.online.bomber.fighter.aircraft.ww2,93
com.slime.sticky.fancy.asmr,18
com.hegodev.oddoneoutforkids,22
com.CaseIH.CaseIHVirtualExperience,174
hdwallpapers.galaxy.glitter.live.wallpaper,241
com.tuneonn.shayari,19
com.gp.twisted.tangle.master,41
com.spycorp.appvolumecontrol,223
nobetcieczanebul.com,7
com.kiwigo.donutshop.free,595096
com.craftars.measuretools,32
com.HurricaneMobileApps.MotosnoGrauBrasil,12
september13.com.Love_Quotes,15
com.tingbing.wolf.family.sim,6000028
com.acorn.tv,452
all.gods.videostatus,14
com.qqqer.super_flashlight,35
com.learnarabic.learnarabiclanguagefree,75
com.BirdsLiveWallpaper,20
com.london.londontransport,95
kr.co.smartstudy.hangulganada_android_googlemarket,1506
com.smg.indian.bus.simulator.games,8
com.horrortoilet,141
com.indocipta.iqro,16
com.worldofcar.simulator.supra,500
io.moneypocket.app,10158
air.com.fabricadeherois.fabricadeherois,20240812
com.styling.namecreator,10044
com.mobirix.tapdefenders,8114
com.duranno.app,51
jp.smartapp.brainmaker001,151
com.ceydigital.oombigame,1386
com.mm.android.telescope,2001008
air.CrosswordsCircles.sfa,1009064
com.la.stickersquad,11
com.dg.puzzlebrothers.mahjong.world.adventure,9
com.phorest.beautybythread,102032
com.gdx.dh.game.atap,105
com.formula.stunts.game.car.racing.game,15
org.sufficientlysecure.termbot,10906151
com.redswan.queenclockwidget,4
net.ntsinternational.app,20000028
com.supercluster.tracker,342
com.juapp.project.lockeddoor,14
wkala.yemoney,698
com.spd.stream.dv.wcargg,20960
com.generaliglobalassistance.mobileprotection,78
com.cf.grovewell.b2c.android,176
com.waterreminderdailyfitness.app,60
com.orcobank.app,1800073412
com.dis.creditu,73
com.vsvonline,23
io.kodular.orhdemirdag.fen7,10
com.bamboo.water.drop.launchertheme,8
com.distancecalorie,7001
com.veronicasherwin.MiladunNabi.photoframes.Rabi_ul_Awal,5
ru.tank.android,65100
com.kthdd.todoPlanner,44
com.coffeeincode.postoaki.rede165,30092
com.indian.wedding.makeover,3
com.hlofficial.cacbaivancunghaynhat,20
com.GenGame.GreenEnergyUK,1856
com.elkood.i_am_here,97
com.ogotera.kwa.nyasae.ekegusii,10
conversor.conversaotaxasbasico.eurbdt,37
tokyo.yuz.income_expenditure,29
com.eightfloor.roadsoftimeodyssey.freemium.googleplay,1018
com.snbtiphone.mobile,127
com.michaeljordanr.memesounds.romulomendonca,29
my.company.speedmath,53
law.exam.preparation,13
com.marumayu.MomousaTimer,13
mobi.redstonegames.mahjongsolitaire,17
com.songs.of.misharyalafasy.apps,5
com.andromo.dev623844.app705285,8
me.antenam,38
com.nrs.gael_clientes.tutaxi,92
squirrel_sounds.manitdev.info,4
com.vilimed.Stable_hands,135
mercadapp.fgl.com.diretodocampo,915
com.ma.ldlang.romance,35
com.the100code.tamilbible,7
au.com.bitbot.nuptialflight,109
com.hsbc.digitaldost,28
com.auw12yapp.app113566961798,7
in.softecks.productionengineering,5
com.eliance.lexusmobile,7500000
com.shooting.honey.bee.robot.car.transform,8
com.maanarayanifashion.maanarayanfashion,11
io.regate.regate,2220
org.bundeswehr.android.radioandernach,3
fr.mediametrie.metmoi,6
com.poppyapps.photomontagewomensareesappfree,8
com.datawiz.storeMaganer,335
jp.kawakami.taxquiz,170
com.edocker.hevosurheilu,10
com.cubo2d.carreras2,65
com.hellochinese.hebrew,29
com.witchqr,2
com.soztrk.deyimikon,12
com.bukka.bukkawaste_user,25
net.a1support.focalpoint,161
fr.apivia.mnfct.adherents.mobile.production,48
com.CPZTApps.Sheepsimulator,4
com.goodbarber.relexa,21
com.dom.onelinepuzzle,16
com.myfeatureapps.nicestylepartywearsherwanisuitfree,4
com.trustingbrother.uewgpacalc,12
com.zego.wednesday.piano,6
com.DaharStudio.Barbarossa.ShipBattle.lar,2
com.vtu.telecom,11
com.adss.app,22
com.taxikey.bratislava.abc,23224
com.gbgames.boardbusinessking,3
sniper.assazon.stickman,2
com.ikeyboard.theme.rose.glass.hearts,3
nextbeat.net.hb2,4014
com.expenseanywhere.mobile,459003
li.yapp.app3E7B2E8E,7
com.protofun.bricksballmaster,6303
com.sonda.cargaonlinetarjeta.Utiles,3
co.paige.kuijf,32
colombia.com.neoris.sds.sdsmovil.release2,67
com.skyclass.ibadayafunga,8
co.bran.fwlef,30
co.nick.ktqhj,55
com.jobcenterspandaumo.app,10300
pl.net.kaleb.jozef,10700
com.cuocsongsotuvi12congiap,10
eu.tarot.piscis,10003
com.ProcessGames.SupraDriftSimulator,1048
videoprojector.phoneprojector.screenmirroring,32
com.lightboltstudio.hammer.climber.pot.man,66
com.huiyun.care.viewerpro.googleplay,2009072
com.asobimo.iruna_en,537
com.papabox.dreamland.gg10,492
com.killermobile.totalrecall.s2.trial,213
com.appcpi.monsterworld,2100000016
com.friskies.Catfishing2,634
com.atomic.apps.sms.messages.collections,200009
com.naturalcycles.cordova,504038
com.imayi.jurassicrescuefree,24
statusdp.calendar.photo.frame,19
br.com.tapps.mycoffeeshop,270
com.blitzkriegmmo.game,779
com.runawayplay.flutter,4031
com.synctuition.synctuition,34117
com.azodus.ludopachisi,22
com.fa.high.school.girls.boys.fighting,200045
com.fc.bk.calltheme.colorphone.color.screen,47
com.mariana_quran_android_text_06.mariana_quran_android_text_06,20240911
biz.trans,332
com.ndm.tienganh,39
com.androiddevelopermx.blogspot.bones3d,84
com.ProActMobile,101
com.Alper.SwordOfXolan,25
com.canvasmob.puzzle,41
net.matiks.unfollowtools,138
co.tamatem.tarneeb,21254
com.ulab.treasurehunter,145
com.musicnotes.xamarin.android.smv,500233
com.gw.real.gangster.crime.vegas,67
com.bhimaapps.photopencilsketchfree,13
com.maxkhalikov.merge.hunt,40
tryoni.arts.com.chainreactionpro,123
com.sunsetgames.perfectsmile,3422
jp.co.plazacreate.palette55wifi,49
com.tg.partybussimulator2015II,13
biz.webcreation.lucky,17
com.snailgameusa.aowd,3301
com.wastickerapps.flowerstickers.wastickerappsflower,5
com.us.army.humvee.jeep.car.transporter.parking.game,98
in.winni.app,520
com.bibogames.tileconnect.puzzle,50
com.tv5monde.apprendre,185770
com.intellijoy.drawwithshapes.lite,100471
ie.leapcard.tnfc,21000409
com.keyboard.themes.photo.myphotokeyboard,140
net.arcticstudio.photo_editor_pro_neon,860
com.xojot.vrplayer,28
com.tap4fun.invasion_zombie.gplay,491
com.mizo.turtle.robot.transform.game,56
crypto.aliens.bch,19
com.mendone.pony.camera,14
com.fothong.calculadora,10014
com.uavforecast,209240
com.jazzyapps.photoeditor,19
com.ykart.tool.qrcodegen,100
com.maf.projectH,104
com.jrj.explosions,74
com.cadev.pasapalabras,71
com.mngo.knights,804031121
com.asphaltcrackstudio.car.stunts.megaramp,10
com.livezen.retroshooting.free,351
com.free.tile.match.puzzles,15404
com.mrcamera.teleport.master,21
com.melot.meta,88
com.testgames.personalitytest,244
com.cgs.sniper.assassin.real.city.sniper.shooter,69
com.mxdev.tunnel,17
com.russians.checkers,39
au.gov.nsw.rfs.firesnearme.nsw,4035
com.cs.appcard,1362
com.hcg.invinciblehero,75
com.extremedevelopers.wwr,643251202
br.com.vivo.smart_wifi,76
com.ikeyboard.theme.NeonLight,70
com.lingbe.app,2100000067
com.xidach,123
air.jp.funkyland.CandyRooms,2003001
com.zephyr.bdcast,146
it.icbpi.mobile,16351
com.kauf.baum.ImageFaker,330
com.lily.times.monkey1.all,934245
com.art.pixel.bible.games.paint.color.by.numbers,1001380
bg.ubb.mobile,250430191
com.araf.srcei.reimpresion,137
com.intellijoy.abc.trains.lite,441
com.orange.myorange.obf,1056
kr.co.cleaninglab.user,1111
com.yc.onet,42
com.tamalaki.homedesigner.makeover.blast,1346
com.techarts.celebrity.house.cleaning.girl.home.cleanup.game,42
com.springwalk.lingotube,255
com.arielcorp.compressorcenter,1020501
uk.co.hungrrr.thesteeplefishbar,4000200
com.ctrlhub.cadent,172
com.grwpcynefin.apcynefin,5
com.rideapp.userapp,13
com.armcv.app.bed_clock,103
com.chownow.thedimsumco,140
com.nccstudio.game.dragonmaster,8
com.mrsoft.dwps,152
co.thanos.lfcfs,28
es.bandomovil.plasenzuela.informa,12
com.subsplashconsulting.s_CH49PF,2090
com.redmaxsolutions.sudoku,9
com.trainerize.kingbodies,795001
fi.mapline.puruvesikala,6
com.vixi.feliz7play,5
com.Matra.Thaor,4
com.fortune.mis,4812
com.bitaqat.tahniat.eid.alfitr.app714773529,4
com.ciihuy.wiridanzikrulghofilin,5
com.digibite.digibite,123
br.com.radiosapp5.terranativapinhal,20000
ai.wotter.wotterapp,271
com.ikeyboard.theme.pastel.kitty,3
com.a1301171353.wallet.cardcontrol,15
ru.webvo.book.aaadz,6
com.androidappsvilla.duroodahlebait,5
com.nineyi.shop.s001736,103
com.ce.gwadarpro,43
ru.FoodSoul.KrasnogorskLetoCafe,2023040606
io.pushpay.rivertowncommunitychurch,8
com.ilyas.ilyasapps.romanconversion,4
com.unite.portal.zenith.deansgate,50
com.normalmod.modbussidisusutraga,1
com.pidata.taleserp,515
com.tr.pythagoreantheoremcalculator,4
com.flintportal.surveyapp,266
com.manh.scalemobile,10017
com.shahiexpress,12
co.iron.mdyqq,56
glamour.acrylicnails.manicure.nailart.pedicure.nailsalon.beautytips.fashiongirl.fashiontips,2
com.subsplashconsulting.s_KTQZ9G,2280
com.greatplainsbank.mobile,9
la.gionee.f9plus.wallpapers.theme.iconpack.launcher,1
com.VRSoft.G414,12
com.mysharepal2,4020600
uk.co.BaxterPersonnel.mybaxter,11
biz.app4mobile.app_38a85f14beec42c69001d0ca211bd2bf.app,23
com.cordovasolution.crm,19
pe.cubicol.android.letourneau,14
cl.aceprotools.aceprointernacional,13
com.arcade.idle.bank.office,1
com.bac.fismobile,1900
com.nappsolutions.infosales,48
com.fdl.yellowpagesfj,2
radioplayer.radioexitos1049.app,200020
com.trbonet.watch.mobile,40069
com.tapcrowd.lathamwatkins6524,2007030934
com.playerelite.venues.brokenhillclub,154
com.somatix.safebeing,20075
net.ocfl.android.volunteer,7
com.mobisystems.msdict.embedded.wireless.collins.audiomltcspt,298
com.sirma.timesuite,91
com.unlimitedradios.francebleulorrainenord,6
fr.jocatop.quizztop.calcul,10304
digifit.android.virtuagym.pro.centresportiflawoluwe,4300593
ax.saj.saj_dms,2710
com.apptegy.toombs,2
com.deleted.photorecovery.app.restore.photos,3
com.lw.linwear.monster,59
games.calico.foodtracker,4
com.valueinvesting,9
co.april2019.suce,67
it.xmenu.fortinilab,3009001
com.ingrails.kalika_himalaya_sec_school,239
br.com.terabytesolucoes.terasmart.elivre,42551
com.uc.App45,3
raven.visualizadorscanner3scope.android,9
com.ritsarts.wordocean,19
com.breaktime.chords,2
com.dgtera.hr,59
com.disprz.kbzms,230
com.mfoundry.mb.android.mb_063106705,1342186480
co.tarly.ptufi,37
au.edu.vic.ivanhoegirls.schoolapp,500030
com.nepalidrivinglicensepreparation,12
com.ionicfirebaseapp.grocerydelivery,49
ca.icc.cloud.icccloud,30202
com.pockettutor.ws,5
blacksea.od.colorpath,8
com.CBSE_Board.result,3
net.autolevel,10525
com.simulgamesagri,7
com.iwaiterapp.chilliexpresstullibody,592
com.weddilyapp.android,24
co.alicia.upgsw,44
it.maggioli.mdesktop,48
com.barcode.wallet,9
com.criamagin.citizenkids,19053010
com.citysourced.peoriaaz,2023033014
com.customformula.formula,14
com.MladenRadonic.Squasher3D,12
com.jaguarstds.horizonpath,1100
com.timca.askascholar,7
com.fenls.portuguesenumbers,31
ini.shiva.rudrastakam,6
it.hotmail.corte.andrea.Angeli_e_Tarocchi,2
com.safearrival.customer,25
com.americanhnb.mobile,113
com.byurmfq.gpkza,1010
nl.caci.osiris.student.hz,24140000
com.sumeetsinha.reversecagr,2
prank.fart.airhorn.haircut.funny.sounds,1
com.otoreport.pulsastore,22
com.hd.wallpapers.axon40,14
com.mindhelp.pacient,31
com.galaxy.samsunga60.galaxythemes.samsungwallpapers.galaxya60.galaxywallpaper.samsungcamera.samsungthemes,1
com.soy.climprofesional,202306281
com.audi.audia3,5
com.thecoder.idermic,26
com.simplysimpson.android,1130052
com.visunia.french,47
com.nd8d58b4f4fd.app,100014
com.music.bbbksabbb,14
com.cutralko.app,10006
com.swarmloyalty.starkeayres,500111412
com.gamezen.pyramid,11201
co.jarvis.bbtr,66
it.nebis.styleforge,39607387
co.barney.wwllk,34
co.edvin.vcghh,43
dhubaibi.s2d.com,20045
com.freerobux.slicefish,1
com.biodigital.smiletrainAnrdoid,28
com.nova.postman,30
com.admin.setupguidefortplinkrouter,5
ie.progress.athboycumobile,166818584
com.brainvibe.brain,49
me.whitebeard.nidaalwatan,74
com.bluecolibriapp.bluecolibri.prakteam,43
com.wooyeon.knet,25
com.appx.smart_video_coaching,100
com.phonegap.giriasestadosbrasileiros,10011
io.ocell.dynamic_forest,1748337220
com.centerforautism.logbook,76
com.kikaapps.loonsounds,7080
com.futuradev.appcenterexpress,32
com.hithamhaidartech.simscloud,30004
com.dobsware.eggame,10
com.quizatii.faharas,2
co.davos.oasis,54
nbci.org,6
com.MenuDino.ColiseuDaPizza,1
de.pausanio.arpmuseum,118
io.proses.orient,10001
com.product.schoolinfo,5
com.farmer.cowpea.vegetable.cultivation,13
com.livdg.island.survival,2
com.datefirefly,180
com.trainerize.jmhealth,784000
en.net.spamcalls.twa,2
com.DefaultCompany.casino2020version,109
com.logisticaldataservices.upstart,146
com.futureapps.flower_cultivation,3
alice.waterfall.theme,5
com.thevalueconnection.androidapp,18
co.lynde.abyvn,54
com.remote.visualproductions.remotefluid,24
io.ionic.prog601aae57de50271e17f1c938,1
com.apps.hix,88
com.ikeyboard.theme.mystery.lip.dj.girl,16
com.scaelife_app,150
com.newandromo.dev1437357.app1847059,1002
com.iongroup.ionweb.agt,3
net.ijmsoftware.commutertraincheck,53
com.learn.arabic.language,6
com.ultragames.camouflagemaster,2
com.buffalofed,250302
com.bdp.aula,8
com.lk_app,196
com.efl.elnet,100953
com.fainin.share,10317
com.inpeace.adsorocaba.saopaulo,40
com.appsnetic.GLXYA22WALLS,8
br.com.casaopen.sportplace.parisactufoot,60
net.recollect.ecomaineme.waste,54
mmm.slpck.chungcheong,201002
com.sarmadrestaurants.www,156
com.efolix.pMEGAKAM,13977056
com.quick18.augustaranch,70
co.lynde.jynna,45
org.northmyrtlebeach.cpmobile,2107662
com.exposoft.magicpearlsz,17
com.mgsoft.cocuksarkilari,6
com.kuokko.manik,4194484
org.mapapps.mapyourtown.ottawa,23
app.bevsa.rus_r34,220
io.kodular.marshadhse1975.HSEDocuments,7
com.swiftsku,223
com.papigirasApp,10
com.yclients.mobile.s184392,143802
br.com.seventh.visitors,20
de.ciblu.showapp,80
game.pondol.cryptogram.app,10011
com.pushups.Workout,9
com.wave.keyboard.theme.newyearfireworksanimatedkeyboard,516
com.chopchopapps.xe_offline,40
com.penguinmagic.teachmeamagictrick,6
com.radiosferking.radioelkaleszno,3
com.nm.kinnikuman,20
com.mottoaligners.monitoring,11283
ncert.class12psychologybook,2
com.phorest.diefuoasebyanja,76
mx.angecai.app,401
com.gemmint,18
com.orderbook.phonediary,2
co.amy.evase,12
jp.co.daihen.WB2PanelSimulator,2
co.april2019.bal,12
com.echurchapps.closerwalkcm,14
com.HyperstoneStudios.BoxyDevilBomber,1
in.batishqureshi.SimplisticNotes,7
com.mystic.bricklegendclassicgames,1001
com.nets.rest,25
com.gospelidea.radioeureka,2
com.apps.sirenity.chat_webrtc_flutter,1
com.reticar,3145763
com.omk.tq.service_roads.bv10,12
de.gastro.chezmarie.production,23020710
com.Boxrain.BlackGarlic,1
com.hpenvyewireless.printerfj.app,2
com.square.bullshack,1670
com.fitmd.bodysite,17
com.nbctracecloud,4
co.ted.rohac,1
com.hweb.maker.zhaoyicheng,1
com.depatie.app,7
com.mindbodyonline.branded.plushall,1040100
com.organizeapps.amooculos,4
com.artem.digipathapp,5
com.vector123.toolbox.qrcode,7
alpha1Revelations.android.apk,81
com.xgameonile.betjili,1
com.trainerize.ampfitness,747000
com.advertly.fodex_captain,4
com.gorapidservices,7
com.chinesemenuonline.thaikitchenmarylandheights,100018
com.bdmobile.f2527c,1974
com.bjvsl.Kujataa,3
pl.pcss.wissym2023,360
de.creditreform.drdapp,56
com.marmara.manzara,1
com.takeaway.tudor,1
com.appthebusiness.taxswagapp,2
com.fsbtks.biz,37
nl.appcomm.demanufactuur,10201
com.kanka.ae.djimini1guide,1
com.vet2pet.cordovastationanimalhosp5330,3002870
com.subsplashconsulting.s_BWW8C9,2090
com.mycasavi.neckar,32003700
com.govoutreach.newhydeparkvillageny,4
au.com.totalprecast.totalprecasthub,10
de.food4mood.app,9
com.echaincrm,11
com.infosun.csandroidx,76
mo.gov.dscc.infocenter,4
com.mobeasyapp.app39997261019,1
com.MobileTutor.jee,5
com.appshive.act_n_track,16
com.ekabav.friend_animals,2
co.haward.bskgm,13
com.trainerize.nourishingandflourishing,762000
pt.microplus.gestplusposmobile,10006
at.helloagain.inka,5
com.rtsdownload.rtsshowtimes.atlasatlanticcinema,1122400067
com.mouchaart.sarl,3
app.dgold,5
com.phorest.bufflifestylesalon,84
com.rafaniel.kcs,2569083
at.meisterwork.loyalty.lavia,433
com.e2outlook.iglesia31,41059
com.Marcomonros.CuboLactic,2
appinventor.ai_caio_carlos222.AdmobAds3,2
com.eaton.tagconfig,20205
com.hubsolutions.tandoorigril,7
com.app.lifewaychurchj,9
co.diy4.tfjdp,4
mox.elsalvador.app,1
co.lenord.ybfij,13
mere.ram.miles,37
play.roshka.popmow,4
com.phorest.meinfriseurmichaelabendrien,77
com.trainerize.trainersonsitevirtual,706000
com.apps.tasbeehcounter,3
de.plexpert.plasticsco2,10
com.groundwidgets.skyline,45
libro.ciencia.hacerse.rico,1
com.fitnessmobileapps.iconbrickellspa,530300
com.twobgames.ludoback,3
kr.co.gukbapcalcchild.gukbap_calc_child,8
com.volunteer.photographyappinternal,5
com.saamangrade11.accounting,12
com.besson.fidelity,19
com.sand.airdroidbizc,10202000
com.saryelgmal.searchbyimage,18
com.bobardo.conquerors,862
com.khaleeg.jobs,33
air.com.shubi.LearnMemory,5000064
com.assamesematrimony,307
com.GeometricApplications.ResoluteHeroRPG,32
com.ragdoll.smash.mates,13
com.kinoapps.ad3iya.alafasy,1037
com.laclippers.fanapp,69
app.zheguji.scp,1010
com.enbici.app,172733958
com.neutronized.picnicpenguin,1001008
com.dng.police.car.chase.game.sim,8
in.banaka.rti.hindi,11
com.yb.myluck,20
com.puzzlegames.dice.guru.block,15
com.project.mathformula,10
kr.lifesemantics.kcd,16
bg.air.mobile,11
com.dkkcorp.ndako,128
com.wiretouch.qflowapps,261
il.yahadut.mishnaberura,13
uz.music.rustam2,16
com.mobisystems.msdict.embedded.wireless.elsevier.jablonski,859
com.acbuy.store,46
com.newyorklife.mynyl.mobile,125
com.tokorame.resellerapp,24
com.airmine.smartcities,2140
com.Intuitions.Discount,157
com.happy_devs.sudoku,4029
com.hisham.moaden,53
com.ggs.doctor.surgery.game,10
com.salla.reefi,164
com.divinegames.bengaliweddingstylishdressupsalongame,6
com.pixerylabs.faceoff,58
com.livephoto.live_wallpaper.raindrops3d,12
com.ikeyboard.theme.gangster.graffiti,23
com.loby.hb.vivobike,8
com.tapps.king.boom.pirate.coin.island,240815823
ru.webvo.book.AOTSJEZJGBLELYYA,9
com.biblesocietyegypt.oneyear,30
com.maiasoft.friendtip,233000
com.pbs.pretend.play.bank.manager.life.simulator.fun,9
cyberware.receitaspaes,3
com.pp_smart_services_app,52
com.syslab.developer,15
com.curiouscrafts.dominoleague,200
xemboi.xinquekhongminh,11
com.maxlab.bsclocks.plugins.analog.christmas_clockfaces,4
com.genius.unicorn.girls.games.Cute.Doll.DressUp.Makeover,8
com.aaarsoftware.fassararlittafinarbaunanawawihausa,3
com.arabiait.udoony,15
com.gds.hair.cutting.barber.shop.games,4
com.kauel.ceresita,28
com.aoneschool,300212
com.clickbits.clockodo.clock,1676989039
com.daksha.mahalaya,6
com.rrtdevelopers.hojadecalculocurso,2015
nz.co.anz.ado,160023
com.testyourself.ionic,309070
com.do_apps.catalog_194,809130
com.greenappstudio.inspirationalstoriesinbangla,8
cover.letters,3
simply.learn.punjabi,610
com.tc.writestory,388
com.miracle.farmventure.an,1108
com.porolingo.fgrammar,74
com.itecwizards.carparking,9
au.com.metrotrains.dumbwaystodraw2,35
com.hyperfun.black,31
org.corningcu.android,125587
com.mggames.teendopanch,17
com.marketyo.celikkaya,9001
jp.enoteca.online,48
com.SuperProgramTeam.y_phone,19
com.stretches.kneepainexercises,7
com.hycoinc.metal.stud.emf.radition,5
com.sstech.ConnectEZ,4613
com.recarguitacuba.android,264
com.livephoto.live_wallpaper.heartrate,11
com.vanpicaso.tinytan,2
com.domobile.aut.cdreamcatcher,20180918
com.hzmobileapp.numbertowordconvertor2,31
com.RedFoxInteractive.HideandHunt,34
com.ai.speechtotext.aitranscriber.voicetotext,18
com.iexamonline.eamcetmedprev,21
town.grape.app,178
com.idemia.mobileid.us.ms,5170
com.neiman.coloringbook,19
com.dokdoapps.mybabyxmasdrum,110106
com.admin.routeradminsetup,9
color.sketch.art.puzzle,105
photo.editor.photoeditor.photoeditorpro,215000
com.girly.cute.kawaii.wallpapers.backgrounds.uhd4k.walltech,50
com.ovelin.guitartuna,147721
com.kouzoh.mercari,349000
com.anydesk.adcontrol.ad1,10504
com.sm.phoneringtones,187
com.ratrodstudio.skateparty3lite,62
com.imvu.mobilecordova,120700001
com.syubestgames.teachersimulator,3532
com.binibambini.MiniLite,3801089
com.ig.color.wood.screw,101
my.com.tngdigital.ewallet,267
com.realme.as.music,101508402
com.devgame.kid.e.cats.animal.doctor,185
com.nama.cake.art,3460
com.appbites.wildanimalphotoframes,17
ru.litres.android.readfree,723061500
com.iz.play.animal.town.pretend.squirrel.house.kids,47
loppipoppi.dominoes,18000
myandroid.fphoenix.fastspinner,31
se.appfamily.balloonpopfree,352
com.eldring.exominer,80
jp.linecorp.linemusic.android,6131211
com.vacuapps.photowindow,2100205
com.suntv.sunnxt,200254
com.myvirtualpetdog.louiethepuggame,1050
com.motorbike.driving.simulator,73
com.codehaha.football,211
com.skymoons.kittenmatch,158
foto.fantasma.broma,108
com.trendsgamesproduction.tuktuk.rickshaw.stunt.master.driving.games2021,47
com.quok.arcadeHole,86
com.master.triple3d.find,163
com.fgz.futuristic.flying.rocket.transform.robot.fighting.games,144
com.jamcity.blackforest_goo,480100
com.funtomic.dynamons3,11035
com.gp.modern.bus.parking.simulator,10070100
com.appside.bongcal,302140730
com.naturalmotion.csrracing,20240210
com.fuseboxgames.loveisland,620000010
com.amelosinteractive.snake,1367
com.techtool.wifiqrcodepasswordscanner,17
com.giraffegames.tabletennis3d,417
com.i6.HelicopterFlight3D,6
com.sngict.okeyextra,200140
com.uchi.app,11797
com.showtimeapp,16049
com.sharlocation.friend.family,140
com.barclays.android.barclaysmobilebanking,7110
storysaverforinstagram.storydownloaderforinstagram,272
com.mergedomhomedesign.game,10901
com.mathbrain.sudoku,3500
find.difference.spot.differences.hidden.puzzle.games.free,25052973
net.kernys.aooni,9730
com.leconjugueur.droid,94
com.widgetkit.widget.theme.wallpaper.icon.sceen.scape,123
app.vpn.amtunnellite,47
com.discoverfinancial.mobile,6017681
com.og.robot.car.transformation.fighting.sim.game,21
com.yorfstudio.zdefense,821
com.autodatetimestamp.timestampcamera,133
com.Polystation.BuildABabe,78
photo.album.galleryvault.photogallery,636
com.nexon.nsc.maplem,5552
com.nobodyshot.kzh,676
