library_type,estimator,estimator_label,effect_scale,target_units,estimate,row_bootstrap_successes,row_bootstrap_se,row_ci_low,row_ci_high,row_ci_width,row_ci_excludes_zero,cluster_bootstrap_successes,cluster_bootstrap_se,cluster_ci_low,cluster_ci_high,cluster_ci_width,cluster_ci_excludes_zero
Android,psm,Propensity-score matching,risk_difference,ate,-0.014062948435855736,1000,0.020256625385348496,-0.05386252750406582,0.02535874868458815,0.07922127618865396,False,1000,0.021017070057858005,-0.05974097993397303,0.02339448808066154,0.08313546801463458,False
Android,logistic_regression,Logistic-regression adjustment,risk_difference,ate,-0.02136830254026456,1000,0.009060797579079172,-0.03727403763279317,-0.002397568973222559,0.03487646865957061,True,1000,0.012493700197850297,-0.04295826070181028,0.006105878352627744,0.04906413905443802,False
Android,doubly_robust,Doubly robust (AIPW),risk_difference,ate,-0.014919288939705733,1000,0.010188069519625238,-0.032618591437526066,0.006332434403655328,0.038951025841181396,False,1000,0.013346413567828685,-0.039225274011756135,0.012331148977559579,0.05155642298931572,False
Small_Libraries,psm,Propensity-score matching,risk_difference,ate,-0.0060406370126304225,1000,0.01880498759450827,-0.02800658978583196,0.043945634266886316,0.07195222405271828,False,1000,0.019288485491528444,-0.031165400823318527,0.045690093608243214,0.07685549443156174,False
Small_Libraries,logistic_regression,Logistic-regression adjustment,risk_difference,ate,0.004579942475853804,1000,0.010823551138788464,-0.017169242602383974,0.0246685072360861,0.04183774983847008,False,1000,0.011096727525311345,-0.01777675475932793,0.02643059806651505,0.04420735282584298,False
Small_Libraries,doubly_robust,Doubly robust (AIPW),risk_difference,ate,0.00525742462125911,1000,0.010895899600674832,-0.016580115008925773,0.025269299241357106,0.04184941425028288,False,1000,0.011183595632178002,-0.018141010001329363,0.026885186466749218,0.04502619646807858,False
Utilities,psm,Propensity-score matching,risk_difference,ate,-0.04262877442273534,1000,0.017488415690709837,-0.08081705150976909,-0.01543960923623447,0.06537744227353462,True,1000,0.018471602992387523,-0.08359666283852357,-0.013138751920119606,0.07045791091840396,True
Utilities,logistic_regression,Logistic-regression adjustment,risk_difference,ate,-0.047257996240235634,1000,0.009829892750683382,-0.06748497283182629,-0.028128545062904593,0.039356427768921703,True,1000,0.011809021968720823,-0.06873769539385409,-0.021584848158924676,0.047152847234929414,True
Utilities,doubly_robust,Doubly robust (AIPW),risk_difference,ate,-0.048512101331741775,1000,0.009716303272510206,-0.06820067850884241,-0.029375226123557585,0.03882545238528483,True,1000,0.010842847244808072,-0.06850690081171848,-0.026251465871076737,0.04225543494064174,True
miscellaneous,psm,Propensity-score matching,risk_difference,ate,-0.13190635451505017,1000,0.019069399800631687,-0.1622742474916388,-0.08534782608695653,0.07692642140468227,True,1000,0.02655856229684913,-0.17671881410619522,-0.07510909793517748,0.10160971617101774,True
miscellaneous,logistic_regression,Logistic-regression adjustment,risk_difference,ate,-0.13447065078702536,1000,0.010087673729634082,-0.15320461141948152,-0.11472708440849953,0.03847752701098199,True,1000,0.01717918506447714,-0.1656443309078008,-0.09941754926519256,0.06622678164260826,True
miscellaneous,doubly_robust,Doubly robust (AIPW),risk_difference,ate,-0.12967234481778478,1000,0.01091368433206642,-0.15055020750463874,-0.10711892377043239,0.04343128373420635,True,1000,0.018633593466859152,-0.16327429285880846,-0.09276266300669345,0.07051162985211501,True
