library_type,estimator,refuter,result_index,original_effect,refuter_reference_effect,new_effect,absolute_change_from_original,relative_change_from_original,sign_changed_from_original,p_value,refuter_reports_significant_change,status,error
Android,psm,random_common_cause,0,0.0942212570877066,0.0942212570877066,0.0942212570877066,0.0,0.0,False,1.0,False,success,
Android,psm,placebo_treatment_refuter,0,0.0942212570877066,0.0942212570877066,0.002862830256967065,0.09135842683073953,0.9696158770806658,False,0.95,False,success,
Android,psm,data_subset_refuter,0,0.0942212570877066,0.0942212570877066,0.07036872266626451,0.023852534421442084,0.25315449144600954,False,0.14,False,success,
Android,psm,dummy_outcome_refuter,0,0.0942212570877066,0.0,-0.0015375809562178599,0.09575883804392446,1.016318832965544,True,0.94,False,success,
Android,psm,add_unobserved_common_cause,0,0.0942212570877066,0.0942212570877066,0.1681746893473278,0.0739534322596212,0.7848911651728555,False,,,success,
Android,logistic_regression,random_common_cause,0,0.1026270605994567,0.1026270605994567,0.10260494722719088,2.2113372265819553e-05,0.00021547311339380424,False,0.92,False,success,
Android,logistic_regression,placebo_treatment_refuter,0,0.1026270605994567,0.1026270605994567,0.00022169102416067453,0.10240536957529603,0.9978398385097873,False,0.96,False,success,
Android,logistic_regression,data_subset_refuter,0,0.1026270605994567,0.1026270605994567,0.10236741702666485,0.0002596435727918456,0.0025299718346724247,False,0.92,False,success,
Android,logistic_regression,dummy_outcome_refuter,0,0.1026270605994567,0.0,-0.0029877784653450827,0.10561483906480178,1.029112969307443,True,0.9,False,success,
Android,logistic_regression,add_unobserved_common_cause,0,0.1026270605994567,0.1026270605994567,0.13403278437419508,0.03140572377473838,0.30601796048034374,False,,,success,
Android,doubly_robust,random_common_cause,0,0.10135304045281046,0.10135304045281046,0.10135304045281046,0.0,0.0,False,1.0,False,success,
Android,doubly_robust,placebo_treatment_refuter,0,0.10135304045281046,0.10135304045281046,-0.003165147723419137,0.1045181881762296,1.0312289370824828,True,0.86,False,success,
Android,doubly_robust,data_subset_refuter,0,0.10135304045281046,0.10135304045281046,0.10236174281611986,0.0010087023633093967,0.009952364120532173,False,0.8899999999999999,False,success,
Android,doubly_robust,dummy_outcome_refuter,0,0.10135304045281046,0.0,9.651010211928483e-05,0.10125653035069118,0.9990477828618844,False,0.97,False,success,
Android,doubly_robust,add_unobserved_common_cause,0,0.10135304045281046,0.10135304045281046,0.136145924738585,0.03479288428577454,0.3432840705156147,False,,,success,
Small_Libraries,psm,random_common_cause,0,0.0550481362626512,0.0550481362626512,0.05504813626265118,1.3877787807814457e-17,2.5210277313657563e-16,False,1.0,False,success,
Small_Libraries,psm,placebo_treatment_refuter,0,0.0550481362626512,0.0550481362626512,0.00017649962972105638,0.05487163663293014,0.9967937219730941,False,0.96,False,success,
Small_Libraries,psm,data_subset_refuter,0,0.0550481362626512,0.0550481362626512,0.024714594261030544,0.030333542001620653,0.5510366755541043,False,0.12,False,success,
Small_Libraries,psm,dummy_outcome_refuter,0,0.0550481362626512,0.0,-0.010675839366432398,0.0657239756290836,1.1939364362036666,True,0.9,False,success,
Small_Libraries,psm,add_unobserved_common_cause,0,0.0550481362626512,0.0550481362626512,-0.0014811157738829918,0.05652925203653419,1.0269058295964126,True,,,success,
Small_Libraries,logistic_regression,random_common_cause,0,0.03634651059764271,0.03634651059764271,0.03634369781218804,2.812785454671396e-06,7.738804656680914e-05,False,0.94,False,success,
Small_Libraries,logistic_regression,placebo_treatment_refuter,0,0.03634651059764271,0.03634651059764271,0.0015496119311817474,0.03479689866646096,0.9573655928532999,False,0.8700000000000001,False,success,
Small_Libraries,logistic_regression,data_subset_refuter,0,0.03634651059764271,0.03634651059764271,0.035710290179859654,0.000636220417783058,0.017504305291532463,False,0.89,False,success,
Small_Libraries,logistic_regression,dummy_outcome_refuter,0,0.03634651059764271,0.0,-0.0012272055642224258,0.03757371616186514,1.0337640544867606,True,0.96,False,success,
Small_Libraries,logistic_regression,add_unobserved_common_cause,0,0.03634651059764271,0.03634651059764271,0.04095489724857482,0.004608386650932106,0.12679034589997168,False,,,success,
Small_Libraries,doubly_robust,random_common_cause,0,0.03645300841550925,0.03645300841550925,0.03645300841550924,6.938893903907228e-18,1.903517488821311e-16,False,1.0,False,success,
Small_Libraries,doubly_robust,placebo_treatment_refuter,0,0.03645300841550925,0.03645300841550925,0.0014222840026793875,0.03503072441282986,0.960983083029321,False,0.8700000000000001,False,success,
Small_Libraries,doubly_robust,data_subset_refuter,0,0.03645300841550925,0.03645300841550925,0.036700174955744895,0.00024716654023564794,0.0067804154164266125,False,0.94,False,success,
Small_Libraries,doubly_robust,dummy_outcome_refuter,0,0.03645300841550925,0.0,-0.000608832021401055,0.037061840436910305,1.0167018319712133,True,0.99,False,success,
Small_Libraries,doubly_robust,add_unobserved_common_cause,0,0.03645300841550925,0.03645300841550925,0.04057929949872219,0.004126291083212941,0.11319480236526581,False,,,success,
Utilities,psm,random_common_cause,0,0.02926087782633479,0.02926087782633479,0.029260877826334783,6.938893903907228e-18,2.3713895205366066e-16,False,1.0,False,success,
Utilities,psm,placebo_treatment_refuter,0,0.02926087782633479,0.02926087782633479,0.0006688200646019379,0.02859205776173285,0.9771428571428571,False,0.99,False,success,
Utilities,psm,data_subset_refuter,0,0.02926087782633479,0.02926087782633479,0.004407363420427554,0.024853514405907235,0.8493769241447389,False,0.25,False,success,
Utilities,psm,dummy_outcome_refuter,0,0.02926087782633479,0.0,0.0012506285821001872,0.028010249244234602,0.9572593621584852,False,0.96,False,success,
Utilities,psm,add_unobserved_common_cause,0,0.02926087782633479,0.02926087782633479,-0.011210336310089303,0.04047121413642409,1.3831168831168832,True,,,success,
Utilities,logistic_regression,random_common_cause,0,0.04539033030616857,0.04539033030616857,0.04542519974155655,3.4869435387982484e-05,0.0007682128583947253,False,0.8600000000000001,False,success,
Utilities,logistic_regression,placebo_treatment_refuter,0,0.04539033030616857,0.04539033030616857,-0.0005643440180381071,0.045954674324206676,1.0124331330975447,True,0.98,False,success,
Utilities,logistic_regression,data_subset_refuter,0,0.04539033030616857,0.04539033030616857,0.04547021428911168,7.988398294311166e-05,0.001759933941971235,False,0.9199999999999999,False,success,
Utilities,logistic_regression,dummy_outcome_refuter,0,0.04539033030616857,0.0,-0.005246787673641898,0.050637117979810464,1.1155926303741581,True,0.95,False,success,
Utilities,logistic_regression,add_unobserved_common_cause,0,0.04539033030616857,0.04539033030616857,0.05568043982266435,0.010290109516495782,0.22670267977973607,False,,,success,
Utilities,doubly_robust,random_common_cause,0,0.04476870237244479,0.04476870237244479,0.0447687023724448,6.938893903907228e-18,1.5499430486459954e-16,False,1.0,False,success,
Utilities,doubly_robust,placebo_treatment_refuter,0,0.04476870237244479,0.04476870237244479,-0.0009536616412687482,0.04572236401371354,1.021301971929741,True,0.96,False,success,
Utilities,doubly_robust,data_subset_refuter,0,0.04476870237244479,0.04476870237244479,0.044701829357821944,6.687301462284662e-05,0.001493744760938326,False,0.99,False,success,
Utilities,doubly_robust,dummy_outcome_refuter,0,0.04476870237244479,0.0,-0.001023150118076868,0.04579185249052166,1.0228541383568583,True,0.97,False,success,
Utilities,doubly_robust,add_unobserved_common_cause,0,0.04476870237244479,0.04476870237244479,0.05075510082572876,0.00598639845328397,0.13371838217425322,False,,,success,
miscellaneous,psm,random_common_cause,0,0.07897281615987967,0.07897281615987967,0.07897281615987968,1.3877787807814457e-17,1.757286682004478e-16,False,1.0,False,success,
miscellaneous,psm,placebo_treatment_refuter,0,0.07897281615987967,0.07897281615987967,0.006871172235951435,0.07210164392392823,0.9129931972789116,False,0.78,False,success,
miscellaneous,psm,data_subset_refuter,0,0.07897281615987967,0.07897281615987967,0.05956956755304861,0.019403248606831056,0.24569528542010424,False,0.41,False,success,
miscellaneous,psm,dummy_outcome_refuter,0,0.07897281615987967,0.0,0.008889700669769247,0.07008311549011043,0.8874334093421193,False,0.8799999999999999,False,success,
miscellaneous,psm,add_unobserved_common_cause,0,0.07897281615987967,0.07897281615987967,0.17642634576125496,0.0974535296013753,1.2340136054421766,False,,,success,
miscellaneous,logistic_regression,random_common_cause,0,0.10324219352663311,0.10324219352663311,0.10322033147854931,2.1862048083798324e-05,0.00021175497475417967,False,0.8,False,success,
miscellaneous,logistic_regression,placebo_treatment_refuter,0,0.10324219352663311,0.10324219352663311,-0.0003330083160155461,0.10357520184264865,1.0032255060130006,True,0.97,False,success,
miscellaneous,logistic_regression,data_subset_refuter,0,0.10324219352663311,0.10324219352663311,0.10357035243721058,0.0003281589105774696,0.003178534854480938,False,0.9299999999999999,False,success,
miscellaneous,logistic_regression,dummy_outcome_refuter,0,0.10324219352663311,0.0,-0.0034422175354068864,0.10668441106203999,1.0333411894674527,True,0.92,False,success,
miscellaneous,logistic_regression,add_unobserved_common_cause,0,0.10324219352663311,0.10324219352663311,0.13854609112823657,0.03530389760160346,0.34195222317216856,False,,,success,
miscellaneous,doubly_robust,random_common_cause,0,0.10251455477160587,0.10251455477160587,0.10251455477160587,0.0,0.0,False,1.0,False,success,
miscellaneous,doubly_robust,placebo_treatment_refuter,0,0.10251455477160587,0.10251455477160587,-0.010385000798040344,0.11289955556964622,1.101302696199357,True,0.47,False,success,
miscellaneous,doubly_robust,data_subset_refuter,0,0.10251455477160587,0.10251455477160587,0.10274117701454513,0.0002266222429392617,0.0022106348063858612,False,0.9099999999999999,False,success,
miscellaneous,doubly_robust,dummy_outcome_refuter,0,0.10251455477160587,0.0,0.0018857365179400357,0.10062881825366583,0.9816051825797683,False,0.9199999999999999,False,success,
miscellaneous,doubly_robust,add_unobserved_common_cause,0,0.10251455477160587,0.10251455477160587,0.13447843276075833,0.031963877989152456,0.31179843740594093,False,,,success,
