library_type,apk_id,popularity_values,n_popularity_values,bootstrap_stratum,n_policy_expanded_rows
Android,com.avempace.smaart.doorphone::7365,1,1,popularity_1,24
Android,com.digion.dixim.security.app::4,1,1,popularity_1,16
Android,com.ec.kimersoft.secureapp::40,1,1,popularity_1,39
Android,com.eduven.cg.norway::10,1,1,popularity_1,39
Android,com.ensivosolutions.studyflix::6,1,1,popularity_1,26
Android,com.geliossoft.gruzolot_dispatcher::1,1,1,popularity_1,5
Android,com.nani_wellness::13,1,1,popularity_1,28
Android,com.omning.omniboard.lck1203::31,1,1,popularity_1,32
Android,com.trainerize.sustainablechangeltd::837000,1,1,popularity_1,24
Android,es.bandomovil.serrejon.informa::12,1,1,popularity_1,24
Android,es.bandomovil.villahermosadelrio.informa::13,1,1,popularity_1,24
Android,gr.activesolutions.dispatch::17,1,1,popularity_1,11
Android,mobile.en.com.educationalnetworksmobile.wheeler::15,1,1,popularity_1,42
Android,radfan.yemoney::567,1,1,popularity_1,13
Android,ru.domopult.sajva.android::894,1,1,popularity_1,16
Android,articulate.industrial.skill::25,7,1,popularity_7,25
Android,com.androidfin.STFCUnoPackage::118,7,1,popularity_7,34
Android,com.app4joy.libya_free::462,7,1,popularity_7,18
Android,com.appwalied.quran::41,7,1,popularity_7,41
Android,com.arppha::375,7,1,popularity_7,30
Android,com.autocab.driverapp::9930,7,1,popularity_7,19
Android,com.byappsc.shehj::266,7,1,popularity_7,87
Android,com.etoos.app.wm::10131,7,1,popularity_7,23
Android,com.frontphoto.gallery::20,7,1,popularity_7,29
Android,com.g4app::165,7,1,popularity_7,37
Android,com.ilib.stepbystepsalah::6,7,1,popularity_7,42
Android,com.jehutyno.yomikata::65,7,1,popularity_7,31
Android,com.sagamill.stocksalerter::44,7,1,popularity_7,34
Android,dk.mochsoft.vnc::26,7,1,popularity_7,67
Android,idea.online_backgammon::96,7,1,popularity_7,54
Android,ru.atomsbt.mobile::91,7,1,popularity_7,36
Android,videochat.livevideocall.randomvideocall.livechat::45,7,1,popularity_7,44
Android,br.com.originalsoftware.taxifonecliente.teleTaxiSalvador::3665,5,1,popularity_5,29
Android,com.appg.bankdiary.client::11,5,1,popularity_5,31
Android,com.david.mybaby::150,5,1,popularity_5,40
Android,com.homecu.bwuccu::2097,5,1,popularity_5,5
Android,com.imzhiqiang.period::10701,5,1,popularity_5,11
Android,com.magazinecloner.hotenglish::2034071301,5,1,popularity_5,53
Android,com.mysiteanalytics.msa::116,5,1,popularity_5,15
Android,com.newlinks.intercomclient::43,5,1,popularity_5,12
Android,com.proapps.sword.sounds::1001,5,1,popularity_5,25
Android,com.simplexi.messenger::2021020104,5,1,popularity_5,46
Android,com.walid.appmuslim::14,5,1,popularity_5,9
Android,net.mohadaratdiniya.fatawa.ibnuthaymeen::1002,5,1,popularity_5,24
Android,quran.tilawatequran.mahermaaiqli::1001,5,1,popularity_5,32
Android,so.ateya.ahmed.Lagna_Daamah::4,5,1,popularity_5,76
Android,sukron.com.animal::8,5,1,popularity_5,7
Android,com.angel.world.clock::14,9,1,popularity_9,41
Android,com.awabe.learnenglish::60,9,1,popularity_9,36
Android,com.evansir.runicformulas::141,9,1,popularity_9,38
Android,com.fourksoft.openvpn::407,9,1,popularity_9,44
Android,com.ihuaj.gamecc.global::143,9,1,popularity_9,48
Android,com.nudi.bkn.sapk::82,9,1,popularity_9,12
Android,com.photoslideshow.birthdayvideomaker::32,9,1,popularity_9,34
Android,controllers.marham.marhammed::481,9,1,popularity_9,19
Android,de.danoeh.antennapod::3080095,9,1,popularity_9,38
Android,fr.lapostemobile.appliclient::61,9,1,popularity_9,7
Android,it.creaweb.ucicinemas::61,9,1,popularity_9,14
Android,net.fetnet.fetvod::937,9,1,popularity_9,85
Android,pt.cp.mobiapp::285,9,1,popularity_9,24
Android,ch.cern.cernbox::43000100,3,1,popularity_3,33
Android,cn.com.tiro.virtualremote::113,3,1,popularity_3,24
Android,com.Jupet.coloringfootballlogos::1,3,1,popularity_3,19
Android,com.asis.petechmobil::19,3,1,popularity_3,55
Android,com.bfi.rca.gabon::2,3,1,popularity_3,20
Android,com.caftrade.app::22091910,3,1,popularity_3,6
Android,com.calculos.laborales::60,3,1,popularity_3,39
Android,com.coopersfiaam::35,3,1,popularity_3,3
Android,com.justlogin.newkiosk::40,3,1,popularity_3,13
Android,com.sadanimewallpaper.masmasstudio::6,3,1,popularity_3,36
Android,com.sanaedutech.accounts_auditing::234,3,1,popularity_3,35
Android,com.sejood.elsahw::1005,3,1,popularity_3,38
Android,com.shuvic.alumni.sungnamob::18,3,1,popularity_3,12
Android,com.siamtele.user::94,3,1,popularity_3,13
Android,com.two.ukcitizenship::10,3,1,popularity_3,52
Android,com.weblogy.acotonou.com::20,3,1,popularity_3,32
Android,com.ymaa.waterstyle::6,3,1,popularity_3,17
Android,parentsalarm.green.valley.international.school.pusa.samastipur.bihar::2,3,1,popularity_3,11
Android,vn.os.launcher::8,3,1,popularity_3,8
Android,br.com.movibrasil.taxi.drivermachine::915,2,1,popularity_2,20
Android,com.app.user.sureEcosystem::51,2,1,popularity_2,12
Android,com.ingeniando.ciudadelaelejercito::3,2,1,popularity_2,12
Android,com.mappytom.manager_app::63,2,1,popularity_2,60
Android,com.praxinfo.gtc::10005,2,1,popularity_2,14
Android,com.rootekstudio.repeatsandroid::2080013,2,1,popularity_2,16
Android,com.social.ekchat::78,2,1,popularity_2,36
Android,hl.weightloss.fitness.calories.counter.diet.plan::6,2,1,popularity_2,36
Android,nl.mijnbezorgapp.kid_85::84,2,1,popularity_2,16
Android,ru.navikey.airlayobjectcollector::409,2,1,popularity_2,5
Android,uk.co.audiotrails.stmagnusway::9,2,1,popularity_2,55
Android,com.bekids.gogotown.unicorns::144,8,1,popularity_8,21
Android,com.callhistory.contacts.calllog::86,8,1,popularity_8,56
Android,com.danale.video::10199,8,1,popularity_8,46
Android,com.discipleskies.gpsreset::42,8,1,popularity_8,17
Android,com.etoos.india.app::200,8,1,popularity_8,82
Android,com.keiind.connect::62,8,1,popularity_8,27
Android,com.peachlive.android::28,8,1,popularity_8,41
Android,com.pocketgroup.pocketpay::340,8,1,popularity_8,34
Android,com.questalliance.myquest::101,8,1,popularity_8,45
Android,com.rmtheis.price.comparison.scanner::102,8,1,popularity_8,11
Android,com.rtve.mas24::87,8,1,popularity_8,45
Android,com.x2line.android.milkybaby::26144281,8,1,popularity_8,57
Android,de.rooehler.bikecomputer::262,8,1,popularity_8,33
Android,org.chennaimetrorail.appv1::161,8,1,popularity_8,56
Android,pt.sapo.android.cloudpt::120,8,1,popularity_8,46
Android,ru.tutu.tutu_bus::48000,8,1,popularity_8,23
Android,smf.kupiavto::810,8,1,popularity_8,43
Android,systems.altura.aclient.cnel::1280,8,1,popularity_8,80
Android,volume.bass.virtrualizer.equalizer.sound.effect::7,8,1,popularity_8,27
Android,au.com.idfish.app::68,6,1,popularity_6,50
Android,com.arvin.applemessagepro::30,6,1,popularity_6,19
Android,com.connectiq.r485.mapsr485companion::214,6,1,popularity_6,17
Android,com.emlaksitem.android::423,6,1,popularity_6,32
Android,com.goethe.hu::819,6,1,popularity_6,40
Android,com.kbmmobile.kbm.user.muzammilhasballahmp3::17,6,1,popularity_6,30
Android,com.klinqq.app::59,6,1,popularity_6,30
Android,com.makeshop.powerapp.lusida::10001,6,1,popularity_6,10
Android,com.manhajona.OmarAbdelkafy::1005,6,1,popularity_6,32
Android,com.mcb.rahul::11,6,1,popularity_6,34
Android,com.minimiew.kamkomsawaddee::9,6,1,popularity_6,17
Android,com.qgroupmedia.qnews::9,6,1,popularity_6,18
Android,com.safeme.calculator::50,6,1,popularity_6,47
Android,com.shootwords.main::91,6,1,popularity_6,13
Android,ges.com.antalyasmartcity::61,6,1,popularity_6,2
Android,jp.co.ponos.nanimoshinai::1000002,6,1,popularity_6,34
Android,ru.webvo.book.AOTNDEZKOFBQNZJW::10,6,1,popularity_6,34
Android,smartcoder.click_tv::133,6,1,popularity_6,32
Android,co.dudo.podcastvn::28,4,1,popularity_4,52
Android,com.delivery.asiaExpress::245,4,1,popularity_4,38
Android,com.dragoma.frko::229,4,1,popularity_4,53
Android,com.eco.tour::47,4,1,popularity_4,20
Android,com.fox.foxfast.universal::434,4,1,popularity_4,32
Android,com.gpsmycity.android.u134::55,4,1,popularity_4,28
Android,com.hellothupten.lametro::20210802,4,1,popularity_4,46
Android,com.learnateso.learn_ateso::40,4,1,popularity_4,43
Android,com.lekseek.aptekarzInterakcje::134,4,1,popularity_4,13
Android,com.mysalesforce.mycommunity.C00D2p000000UXa9EAG.A0OT2p000000KyjHGAS.app1::111200000,4,1,popularity_4,9
Android,com.online.quiz::10,4,1,popularity_4,34
Android,com.pragma.scientistsinventionsanddiscoveries::5,4,1,popularity_4,43
Android,in.myinnos.batteryinfopro::50,4,1,popularity_4,58
Android,so.ateya.ahmed.Akedah_Wastyah_Lib_BT::7,4,1,popularity_4,92
Android,co.massmobileapps.porkmafia::3,0,1,popularity_0,46
Android,com.app.radioelsalvador::2,0,1,popularity_0,30
Android,com.app.soivyfi::135,0,1,popularity_0,44
Android,com.blossomsazz.app::1,0,1,popularity_0,26
Android,com.chownow.communitylanes::139,0,1,popularity_0,16
Android,com.cofox.kahunas.TheLabMethod::210,0,1,popularity_0,79
Android,com.ideabytes.dgsms.midland::22,0,1,popularity_0,98
Android,com.noursal.Al3qlwFadlhBook::1,0,1,popularity_0,24
Android,com.nupuit.agpc::5,0,1,popularity_0,472
Android,com.pegasustech.smartstores::10,0,1,popularity_0,39
Android,com.pioneers.misrel_mostaabal::1,0,1,popularity_0,9
Android,com.pioneers.wahtal_abnaa_al_alamia::4,0,1,popularity_0,9
Android,com.questblue.sipblue2::5,0,1,popularity_0,21
Android,com.rsmnm.driver::26,0,1,popularity_0,38
Android,com.schoolmatenuvo.pierrepaul::100,0,1,popularity_0,27
Android,com.yardi.systems.rentcafe.resident.thomassafran.astra::2,0,1,popularity_0,22
Android,appinventor.ai_mmfrutos7878.Ancleaner::188,10,1,popularity_10,62
Android,com.burakgon.netoptimizer::1386,10,1,popularity_10,51
Android,com.free.neo.vpn::77761,10,1,popularity_10,41
Android,com.gameloft.android.ANMP.GloftIVHM::21401,10,1,popularity_10,71
Android,com.hardgrnd.lineup11::122,10,1,popularity_10,34
Android,com.koreanair.passenger::608,10,1,popularity_10,35
Android,com.sgk.eganna.in::59,10,1,popularity_10,99
Android,musicdownloader.monster.videodownloader::24,10,1,popularity_10,54
Android,vidstatus.com::30,10,1,popularity_10,175
Android,com.agiliron::5,1,1,popularity_1,5
Android,com.ali.pashtodictionary.apps::320,1,1,popularity_1,15
Android,com.apptegy.iberia::23,1,1,popularity_1,3
Android,com.appworkout.fitbutler.demo::1277,1,1,popularity_1,13
Android,com.foodbooking.heatcafedubai::4433,1,1,popularity_1,13
Android,com.nikssoftware.photorecover::3,1,1,popularity_1,29
Android,com.nitesh.copaiti::3,1,1,popularity_1,14
Android,com.nutechmobile.datenite::9,1,1,popularity_1,16
Android,com.onlister.guidancekoyilandy::9,1,1,popularity_1,4
Android,com.pixipine.jalees::17,1,1,popularity_1,15
Android,com.radioco.mf7481ea08::11,1,1,popularity_1,5
Android,com.rpn.erfahislamicvoice::10,1,1,popularity_1,54
Android,com.universlsoftware.germancalendar::3,1,1,popularity_1,14
Android,com.wook.market::12,1,1,popularity_1,11
Android,com.xgroupsrl.dipe.smart::400403,1,1,popularity_1,1
Android,com.ztcx.ai::7,1,1,popularity_1,35
Android,de.appack.project.tbruit::1,1,1,popularity_1,9
Android,es.cgb.voluntariadosalamanca::6,1,1,popularity_1,3
Android,es.tpc.matchpoint.appclient.costaricatennisclub::81,1,1,popularity_1,10
Android,ie.flipdish.fd18090::81467,1,1,popularity_1,23
Android,ie.flipdish.fd3678::52777,1,1,popularity_1,24
Android,io.github.withlet11.skyclock::11,1,1,popularity_1,20
Android,nl.oosternijkerk::12,1,1,popularity_1,18
Android,ru.rubeg38.technicianmobile::35,1,1,popularity_1,8
Android,at.oamtc.cityguide::30700003,7,1,popularity_7,12
Android,com.barasan.cookiekingdomcode::51,7,1,popularity_7,25
Android,com.bosch.boschlevellingremoteapp::153,7,1,popularity_7,4
Android,com.dylan.gamepad.pro::155,7,1,popularity_7,30
Android,com.ezp.tattoo::126,7,1,popularity_7,32
Android,com.geoactio.avanzalargorecorrido::18,7,1,popularity_7,18
Android,com.getwheelsapp.wheels::2181,7,1,popularity_7,14
Android,com.mobincube.draw_car_muscle.sc_HGDI7G::20,7,1,popularity_7,37
Android,com.msf.ket::72,7,1,popularity_7,13
Android,com.musatech.digiscale::20,7,1,popularity_7,28
Android,com.taw9el.couponredeem::5,7,1,popularity_7,3
Android,com.wovibe.hotplayer::9,7,1,popularity_7,37
Android,cz.gov.edoklady::2503251,7,1,popularity_7,2
Android,eu.tresfactory.lupaalertemasina::580,7,1,popularity_7,15
Android,id.code.wings::1300022,7,1,popularity_7,24
Android,kr.co.seoulgas.cash::137,7,1,popularity_7,39
Android,loudringtones.tonosfuertesparaelmovil::8,7,1,popularity_7,28
Android,net.chat.app2::117,7,1,popularity_7,17
Android,rcglobal.android.kiha::109,7,1,popularity_7,12
Android,com.a7afidi.hidden::23,5,1,popularity_5,35
Android,com.arashpayan.prayerbook::23,5,1,popularity_5,3
Android,com.dabdeveloper.moviedb.android::35,5,1,popularity_5,22
Android,com.filter.camera.ccd.cam1998::12,5,1,popularity_5,47
Android,com.greatcatholicmusic.app::12,5,1,popularity_5,37
Android,com.knockonly.marathi.marathisuvichar::8,5,1,popularity_5,20
Android,com.pccomputer.udhar_khata_book::10,5,1,popularity_5,51
Android,com.rinfo.android.notepad::82,5,1,popularity_5,26
Android,com.tegut.tbox::2000000542,5,1,popularity_5,6
Android,jp.co.a_tm.android.plus_autumn_color::1000,5,1,popularity_5,6
Android,jp.co.okinawatimes.viewer.and::25,5,1,popularity_5,1
Android,jp.gomisuke.app.Gomisuke0003::12,5,1,popularity_5,10
Android,kr.co.echeck.smu::20301,5,1,popularity_5,13
Android,no.nordicsemi.android.nrfthingy::39,5,1,popularity_5,1
Android,robo.forrest.fairy.sword.tree.tower.craft::7,5,1,popularity_5,29
Android,ru.amigo.app::46,5,1,popularity_5,17
Android,uk.co.image_plus.propertyinvestor::39,5,1,popularity_5,13
Android,br.lgfelicio::9268,9,1,popularity_9,32
Android,com.brother.ptouch.iprintandlabel::131,9,1,popularity_9,6
Android,com.clogica.smartvideoeditor::18,9,1,popularity_9,23
Android,com.ecoatm.ecoapp.android::87,9,1,popularity_9,13
Android,com.liogaming.dlskits::8,9,1,popularity_9,38
Android,com.teegloyalty.timezone::245,9,1,popularity_9,37
Android,de.elfsoft.bestbrokers::81,9,1,popularity_9,34
Android,es.ottplayer.tv::16842877,9,1,popularity_9,15
Android,andreasagap.ktelmakedonia::38,3,1,popularity_3,9
Android,chat.butler.panel::88,3,1,popularity_3,8
Android,com.Citron.petersapp::5,3,1,popularity_3,10
Android,com.biosys.tdcheck::13,3,1,popularity_3,3
Android,com.blackstar.apps.teammanager::15,3,1,popularity_3,22
Android,com.excelatlife.moodlog::240010001,3,1,popularity_3,37
Android,com.foodbooking.nizamat::5741,3,1,popularity_3,15
Android,com.gcart.android.tokojsfashion::10,3,1,popularity_3,9
Android,com.greenknightlabs.scp_001::24,3,1,popularity_3,1
Android,com.mamastudio.banglaquiz::6,3,1,popularity_3,38
Android,com.netizensconnect.student::4,3,1,popularity_3,16
Android,com.olo.skrimpshack::11474,3,1,popularity_3,5
Android,com.umnico.android::1054,3,1,popularity_3,14
Android,com.winterfelltech.belarusian.keyboard::5,3,1,popularity_3,15
Android,com.zoop.caparao::107,3,1,popularity_3,7
Android,it.taxrefund.taxrefund::9,3,1,popularity_3,43
Android,ua.radio.gsmboom::168,3,1,popularity_3,26
Android,app.madamarket.android::6,2,1,popularity_2,6
Android,clipescola.android.aster::10512,2,1,popularity_2,18
Android,com.Reliable.AmruthPOPS::20,2,1,popularity_2,1
Android,com.adelya.otv2::239,2,1,popularity_2,5
Android,com.alphaapps.awfarlak::11,2,1,popularity_2,11
Android,com.areeb.doobo::535,2,1,popularity_2,21
Android,com.beoneapps.rutadelaplata::11,2,1,popularity_2,14
Android,com.citygovapp.washoeir::8,2,1,popularity_2,1
Android,com.doodle.dehqon::15,2,1,popularity_2,5
Android,com.fnoex.fan.uncbears::20001548,2,1,popularity_2,60
Android,com.formasapp.mimaquinaria::4,2,1,popularity_2,19
Android,com.heydomo.vendors::19,2,1,popularity_2,23
Android,com.keywee.shipping.shipitto::29,2,1,popularity_2,18
Android,com.socorroec.smartapps::626,2,1,popularity_2,11
Android,com.stranger_thingss.wallpaper::10,2,1,popularity_2,35
Android,com.teramatrix.vos::60,2,1,popularity_2,18
Android,com.tokai.coraline::1,2,1,popularity_2,17
Android,com.whiteclouds.christmascakeideagallery::8,2,1,popularity_2,13
Android,hicaltech87.homesteptest.threeminutesfitnesstest::2,2,1,popularity_2,42
Android,kr.ac.jbnu.ch::3634,2,1,popularity_2,21
Android,net.hanulsoft.busanmba::101,2,1,popularity_2,12
Android,nl.foodticket.app.orderapp1127::6,2,1,popularity_2,4
Android,to.ord.app::32,2,1,popularity_2,12
Android,uk.co.catalinasoftware.freedomgo.crawfords::3300,2,1,popularity_2,1
Android,binaural.studymusic.brainwave.focusmusic.binauralbeats::32,8,1,popularity_8,29
Android,com.androston.lovepictures::13,8,1,popularity_8,24
Android,com.chereads.reader::395,8,1,popularity_8,16
Android,com.circuitjam::76,8,1,popularity_8,3
Android,com.fasttamilkeyboard.typing.easytamiltext.inputmethod::25,8,1,popularity_8,12
Android,com.ideabuilderapp.banglawordbook::8,8,1,popularity_8,21
Android,com.londonandpartners.londonguide::31940000,8,1,popularity_8,26
Android,com.moall.farmerstore88::38,8,1,popularity_8,13
Android,com.monotype.android.font.bel.round::19,8,1,popularity_8,14
Android,com.msseed.membership::30014,8,1,popularity_8,1
Android,com.prompt.ma.maapplicationfinalAmul::50,8,1,popularity_8,17
Android,com.stn.mobile_player::418995,8,1,popularity_8,19
Android,uk.co.travelrepublic.travelrepublic::545,8,1,popularity_8,2
Android,com.aicsm.sscpreviousyearsgk::16,6,1,popularity_6,28
Android,com.app.azantime::58,6,1,popularity_6,35
Android,com.ax.hud.compass::5,6,1,popularity_6,3
Android,com.controld.setuputility::132,6,1,popularity_6,5
Android,com.golfboxdk::238,6,1,popularity_6,4
Android,com.mobincube.diccionario_griego_biblico.sc_HP9E26::22,6,1,popularity_6,43
Android,com.mysticwind.linenotificationsupport::23,6,1,popularity_6,1
Android,com.phonecleaner.junkcleaner.cache.clean.phone.booster::23,6,1,popularity_6,33
Android,com.quarantadue.cocktails::41,6,1,popularity_6,12
Android,com.silvertrac.mob::4058,6,1,popularity_6,15
Android,com.uvdevloper.uvtechsoft.fabricationtoolsandlayout::7,6,1,popularity_6,3
Android,de.virality.dieschulapp.ui::149,6,1,popularity_6,12
Android,kz.alser.selfservice::2343,6,1,popularity_6,25
Android,org.katieone::44,6,1,popularity_6,14
Android,org.lacofi.apache::41,6,1,popularity_6,2
Android,ru.edpankov.transistors::3,6,1,popularity_6,25
Android,alnima.wordshapes::3,4,1,popularity_4,2
Android,aplus.droitfiscal::37,4,1,popularity_4,9
Android,bosmap.magnum.me.il2bosmap::16,4,1,popularity_4,3
Android,br.com.mobits.mobitsplaza.app.praiadacosta::47,4,1,popularity_4,1
Android,com.appking.juzs.juz9::7,4,1,popularity_4,28
Android,com.ctappstudio.imdoodle::23,4,1,popularity_4,14
Android,com.danielebachicchi.proday::23,4,1,popularity_4,1
Android,com.electra.webapp.webtech::20,4,1,popularity_4,10
Android,com.it4you.babymonitor::2001005,4,1,popularity_4,11
Android,com.latlong.coordinates::7,4,1,popularity_4,19
Android,com.mobinet.musictherapy::9,4,1,popularity_4,7
Android,com.mycinemahall::101050500,4,1,popularity_4,25
Android,com.vcis.app.kanossaschool::37,4,1,popularity_4,5
Android,com.virenter.books.aaaav::10,4,1,popularity_4,27
Android,countries.of.the.world::4,4,1,popularity_4,23
Android,de.nitri.bigfive::32,4,1,popularity_4,33
Android,eu.appcorner.skanzen::4932,4,1,popularity_4,2
Android,in.co.mfonline::33,4,1,popularity_4,8
Android,vmax.com.badangpet::8,4,1,popularity_4,1
Android,aplus.strafrecht::37,0,1,popularity_0,9
Android,com.bertholucci.potd::5,0,1,popularity_0,16
Android,com.clavax.fence_alarm::8,0,1,popularity_0,2
Android,com.dieffetech.eolas::2,0,1,popularity_0,24
Android,com.divy.englishtolithuanian::26,0,1,popularity_0,21
Android,com.foodbooking.plazamerengue::5469,0,1,popularity_0,15
Android,com.foodbooking.popeheaven::5397,0,1,popularity_0,15
Android,com.pilbeo.pilbeo_pumpkin_android::17,0,1,popularity_0,9
Android,com.quantresearch.exam.ccrn::10,0,1,popularity_0,12
Android,com.service.madactylo::3,0,1,popularity_0,13
Android,com.shoutcast.stm.radiosupergospelpr::1,0,1,popularity_0,24
Android,conversor.conversaotaxasbasico.krwisk::37,0,1,popularity_0,27
Android,es.wemakeit.couto::51,0,1,popularity_0,10
Android,eu.magelansoftware.mydtassist::48,0,1,popularity_0,1
Android,eu.pitsnaider.chameleonradio::119,0,1,popularity_0,2
Android,hu.tell.tellmonapp::22,0,1,popularity_0,2
Android,ie.flipdish.fd24065::64301,0,1,popularity_0,24
Android,io.mimin.keyboard::5,0,1,popularity_0,6
Android,net.wdsvlc.usa_radio_chicago_illinois_united_states::24,0,1,popularity_0,29
Android,qoresh.social.friendshipquotes::1,0,1,popularity_0,34
Android,ru.quickresto.qrqueue::62001,0,1,popularity_0,15
Android,com.SouthernPacificOceanFisher.VoiceToText_memo::186,10,1,popularity_10,113
Android,com.fehmin.bikeometer::40,10,1,popularity_10,41
Android,com.hblackcat.mob_android_finder::16,10,1,popularity_10,13
Android,com.rvappstudios.flashlight::209,10,1,popularity_10,35
Android,com.sensustech.acremotecontrol::14,10,1,popularity_10,46
Android,it.vincenzoamoruso.theinterpreter::20299,10,1,popularity_10,34
Android,jp.or.nhk.news::81,10,1,popularity_10,2
Small_Libraries,com.avempace.smaart.doorphone::7365,1,1,popularity_1,12
Small_Libraries,com.digion.dixim.security.app::4,1,1,popularity_1,8
Small_Libraries,com.ec.kimersoft.secureapp::40,1,1,popularity_1,32
Small_Libraries,com.eduven.cg.norway::10,1,1,popularity_1,16
Small_Libraries,com.ensivosolutions.studyflix::6,1,1,popularity_1,4
Small_Libraries,com.geliossoft.gruzolot_dispatcher::1,1,1,popularity_1,4
Small_Libraries,com.nani_wellness::13,1,1,popularity_1,4
Small_Libraries,com.omning.omniboard.lck1203::31,1,1,popularity_1,32
Small_Libraries,com.trainerize.sustainablechangeltd::837000,1,1,popularity_1,20
Small_Libraries,es.bandomovil.serrejon.informa::12,1,1,popularity_1,12
Small_Libraries,es.bandomovil.villahermosadelrio.informa::13,1,1,popularity_1,12
Small_Libraries,gr.activesolutions.dispatch::17,1,1,popularity_1,4
Small_Libraries,mobile.en.com.educationalnetworksmobile.wheeler::15,1,1,popularity_1,12
Small_Libraries,radfan.yemoney::567,1,1,popularity_1,6
Small_Libraries,ru.domopult.sajva.android::894,1,1,popularity_1,4
Small_Libraries,articulate.industrial.skill::25,7,1,popularity_7,2
Small_Libraries,com.androidfin.STFCUnoPackage::118,7,1,popularity_7,30
Small_Libraries,com.app4joy.libya_free::462,7,1,popularity_7,4
Small_Libraries,com.appwalied.quran::41,7,1,popularity_7,2
Small_Libraries,com.arppha::375,7,1,popularity_7,11
Small_Libraries,com.autocab.driverapp::9930,7,1,popularity_7,4
Small_Libraries,com.byappsc.shehj::266,7,1,popularity_7,80
Small_Libraries,com.etoos.app.wm::10131,7,1,popularity_7,17
Small_Libraries,com.frontphoto.gallery::20,7,1,popularity_7,6
Small_Libraries,com.g4app::165,7,1,popularity_7,6
Small_Libraries,com.ilib.stepbystepsalah::6,7,1,popularity_7,6
Small_Libraries,com.jehutyno.yomikata::65,7,1,popularity_7,10
Small_Libraries,com.sagamill.stocksalerter::44,7,1,popularity_7,24
Small_Libraries,dk.mochsoft.vnc::26,7,1,popularity_7,64
Small_Libraries,idea.online_backgammon::96,7,1,popularity_7,26
Small_Libraries,ru.atomsbt.mobile::91,7,1,popularity_7,4
Small_Libraries,videochat.livevideocall.randomvideocall.livechat::45,7,1,popularity_7,2
Small_Libraries,br.com.originalsoftware.taxifonecliente.teleTaxiSalvador::3665,5,1,popularity_5,24
Small_Libraries,com.appg.bankdiary.client::11,5,1,popularity_5,18
Small_Libraries,com.david.mybaby::150,5,1,popularity_5,12
Small_Libraries,com.homecu.bwuccu::2097,5,1,popularity_5,4
Small_Libraries,com.imzhiqiang.period::10701,5,1,popularity_5,6
Small_Libraries,com.magazinecloner.hotenglish::2034071301,5,1,popularity_5,10
Small_Libraries,com.mysiteanalytics.msa::116,5,1,popularity_5,2
Small_Libraries,com.newlinks.intercomclient::43,5,1,popularity_5,4
Small_Libraries,com.proapps.sword.sounds::1001,5,1,popularity_5,12
Small_Libraries,com.simplexi.messenger::2021020104,5,1,popularity_5,36
Small_Libraries,com.walid.appmuslim::14,5,1,popularity_5,2
Small_Libraries,net.mohadaratdiniya.fatawa.ibnuthaymeen::1002,5,1,popularity_5,10
Small_Libraries,quran.tilawatequran.mahermaaiqli::1001,5,1,popularity_5,18
Small_Libraries,so.ateya.ahmed.Lagna_Daamah::4,5,1,popularity_5,54
Small_Libraries,sukron.com.animal::8,5,1,popularity_5,6
Small_Libraries,com.angel.world.clock::14,9,1,popularity_9,2
Small_Libraries,com.awabe.learnenglish::60,9,1,popularity_9,8
Small_Libraries,com.evansir.runicformulas::141,9,1,popularity_9,2
Small_Libraries,com.fourksoft.openvpn::407,9,1,popularity_9,26
Small_Libraries,com.ihuaj.gamecc.global::143,9,1,popularity_9,21
Small_Libraries,com.nudi.bkn.sapk::82,9,1,popularity_9,2
Small_Libraries,com.photoslideshow.birthdayvideomaker::32,9,1,popularity_9,6
Small_Libraries,controllers.marham.marhammed::481,9,1,popularity_9,7
Small_Libraries,de.danoeh.antennapod::3080095,9,1,popularity_9,28
Small_Libraries,fr.lapostemobile.appliclient::61,9,1,popularity_9,2
Small_Libraries,it.creaweb.ucicinemas::61,9,1,popularity_9,2
Small_Libraries,net.fetnet.fetvod::937,9,1,popularity_9,21
Small_Libraries,pt.cp.mobiapp::285,9,1,popularity_9,4
Small_Libraries,ch.cern.cernbox::43000100,3,1,popularity_3,14
Small_Libraries,cn.com.tiro.virtualremote::113,3,1,popularity_3,22
Small_Libraries,com.Jupet.coloringfootballlogos::1,3,1,popularity_3,4
Small_Libraries,com.asis.petechmobil::19,3,1,popularity_3,52
Small_Libraries,com.bfi.rca.gabon::2,3,1,popularity_3,6
Small_Libraries,com.caftrade.app::22091910,3,1,popularity_3,2
Small_Libraries,com.calculos.laborales::60,3,1,popularity_3,4
Small_Libraries,com.coopersfiaam::35,3,1,popularity_3,2
Small_Libraries,com.justlogin.newkiosk::40,3,1,popularity_3,2
Small_Libraries,com.sadanimewallpaper.masmasstudio::6,3,1,popularity_3,4
Small_Libraries,com.sanaedutech.accounts_auditing::234,3,1,popularity_3,8
Small_Libraries,com.sejood.elsahw::1005,3,1,popularity_3,20
Small_Libraries,com.shuvic.alumni.sungnamob::18,3,1,popularity_3,4
Small_Libraries,com.siamtele.user::94,3,1,popularity_3,4
Small_Libraries,com.two.ukcitizenship::10,3,1,popularity_3,17
Small_Libraries,com.weblogy.acotonou.com::20,3,1,popularity_3,8
Small_Libraries,com.ymaa.waterstyle::6,3,1,popularity_3,6
Small_Libraries,parentsalarm.green.valley.international.school.pusa.samastipur.bihar::2,3,1,popularity_3,4
Small_Libraries,vn.os.launcher::8,3,1,popularity_3,8
Small_Libraries,br.com.movibrasil.taxi.drivermachine::915,2,1,popularity_2,6
Small_Libraries,com.app.user.sureEcosystem::51,2,1,popularity_2,4
Small_Libraries,com.ingeniando.ciudadelaelejercito::3,2,1,popularity_2,2
Small_Libraries,com.mappytom.manager_app::63,2,1,popularity_2,54
Small_Libraries,com.praxinfo.gtc::10005,2,1,popularity_2,4
Small_Libraries,com.rootekstudio.repeatsandroid::2080013,2,1,popularity_2,6
Small_Libraries,com.social.ekchat::78,2,1,popularity_2,10
Small_Libraries,hl.weightloss.fitness.calories.counter.diet.plan::6,2,1,popularity_2,2
Small_Libraries,nl.mijnbezorgapp.kid_85::84,2,1,popularity_2,6
Small_Libraries,ru.navikey.airlayobjectcollector::409,2,1,popularity_2,2
Small_Libraries,uk.co.audiotrails.stmagnusway::9,2,1,popularity_2,4
Small_Libraries,com.bekids.gogotown.unicorns::144,8,1,popularity_8,11
Small_Libraries,com.callhistory.contacts.calllog::86,8,1,popularity_8,16
Small_Libraries,com.danale.video::10199,8,1,popularity_8,32
Small_Libraries,com.discipleskies.gpsreset::42,8,1,popularity_8,2
Small_Libraries,com.etoos.india.app::200,8,1,popularity_8,33
Small_Libraries,com.keiind.connect::62,8,1,popularity_8,12
Small_Libraries,com.peachlive.android::28,8,1,popularity_8,18
Small_Libraries,com.pocketgroup.pocketpay::340,8,1,popularity_8,18
Small_Libraries,com.questalliance.myquest::101,8,1,popularity_8,22
Small_Libraries,com.rmtheis.price.comparison.scanner::102,8,1,popularity_8,4
Small_Libraries,com.rtve.mas24::87,8,1,popularity_8,21
Small_Libraries,com.x2line.android.milkybaby::26144281,8,1,popularity_8,26
Small_Libraries,de.rooehler.bikecomputer::262,8,1,popularity_8,7
Small_Libraries,org.chennaimetrorail.appv1::161,8,1,popularity_8,50
Small_Libraries,pt.sapo.android.cloudpt::120,8,1,popularity_8,46
Small_Libraries,ru.tutu.tutu_bus::48000,8,1,popularity_8,8
Small_Libraries,smf.kupiavto::810,8,1,popularity_8,16
Small_Libraries,systems.altura.aclient.cnel::1280,8,1,popularity_8,72
Small_Libraries,volume.bass.virtrualizer.equalizer.sound.effect::7,8,1,popularity_8,4
Small_Libraries,au.com.idfish.app::68,6,1,popularity_6,46
Small_Libraries,com.arvin.applemessagepro::30,6,1,popularity_6,8
Small_Libraries,com.connectiq.r485.mapsr485companion::214,6,1,popularity_6,14
Small_Libraries,com.emlaksitem.android::423,6,1,popularity_6,21
Small_Libraries,com.goethe.hu::819,6,1,popularity_6,18
Small_Libraries,com.kbmmobile.kbm.user.muzammilhasballahmp3::17,6,1,popularity_6,2
Small_Libraries,com.klinqq.app::59,6,1,popularity_6,17
Small_Libraries,com.makeshop.powerapp.lusida::10001,6,1,popularity_6,2
Small_Libraries,com.manhajona.OmarAbdelkafy::1005,6,1,popularity_6,18
Small_Libraries,com.mcb.rahul::11,6,1,popularity_6,2
Small_Libraries,com.minimiew.kamkomsawaddee::9,6,1,popularity_6,2
Small_Libraries,com.qgroupmedia.qnews::9,6,1,popularity_6,4
Small_Libraries,com.safeme.calculator::50,6,1,popularity_6,24
Small_Libraries,com.shootwords.main::91,6,1,popularity_6,4
Small_Libraries,ges.com.antalyasmartcity::61,6,1,popularity_6,2
Small_Libraries,jp.co.ponos.nanimoshinai::1000002,6,1,popularity_6,4
Small_Libraries,ru.webvo.book.AOTNDEZKOFBQNZJW::10,6,1,popularity_6,10
Small_Libraries,smartcoder.click_tv::133,6,1,popularity_6,6
Small_Libraries,co.dudo.podcastvn::28,4,1,popularity_4,35
Small_Libraries,com.delivery.asiaExpress::245,4,1,popularity_4,14
Small_Libraries,com.dragoma.frko::229,4,1,popularity_4,20
Small_Libraries,com.eco.tour::47,4,1,popularity_4,10
Small_Libraries,com.fox.foxfast.universal::434,4,1,popularity_4,2
Small_Libraries,com.gpsmycity.android.u134::55,4,1,popularity_4,2
Small_Libraries,com.hellothupten.lametro::20210802,4,1,popularity_4,20
Small_Libraries,com.learnateso.learn_ateso::40,4,1,popularity_4,2
Small_Libraries,com.lekseek.aptekarzInterakcje::134,4,1,popularity_4,4
Small_Libraries,com.mysalesforce.mycommunity.C00D2p000000UXa9EAG.A0OT2p000000KyjHGAS.app1::111200000,4,1,popularity_4,2
Small_Libraries,com.online.quiz::10,4,1,popularity_4,17
Small_Libraries,com.pragma.scientistsinventionsanddiscoveries::5,4,1,popularity_4,18
Small_Libraries,in.myinnos.batteryinfopro::50,4,1,popularity_4,10
Small_Libraries,so.ateya.ahmed.Akedah_Wastyah_Lib_BT::7,4,1,popularity_4,66
Small_Libraries,co.massmobileapps.porkmafia::3,0,1,popularity_0,12
Small_Libraries,com.app.radioelsalvador::2,0,1,popularity_0,2
Small_Libraries,com.app.soivyfi::135,0,1,popularity_0,8
Small_Libraries,com.blossomsazz.app::1,0,1,popularity_0,15
Small_Libraries,com.chownow.communitylanes::139,0,1,popularity_0,10
Small_Libraries,com.cofox.kahunas.TheLabMethod::210,0,1,popularity_0,40
Small_Libraries,com.ideabytes.dgsms.midland::22,0,1,popularity_0,58
Small_Libraries,com.noursal.Al3qlwFadlhBook::1,0,1,popularity_0,2
Small_Libraries,com.nupuit.agpc::5,0,1,popularity_0,456
Small_Libraries,com.pegasustech.smartstores::10,0,1,popularity_0,18
Small_Libraries,com.pioneers.misrel_mostaabal::1,0,1,popularity_0,2
Small_Libraries,com.pioneers.wahtal_abnaa_al_alamia::4,0,1,popularity_0,2
Small_Libraries,com.questblue.sipblue2::5,0,1,popularity_0,6
Small_Libraries,com.rsmnm.driver::26,0,1,popularity_0,23
Small_Libraries,com.schoolmatenuvo.pierrepaul::100,0,1,popularity_0,2
Small_Libraries,com.yardi.systems.rentcafe.resident.thomassafran.astra::2,0,1,popularity_0,10
Small_Libraries,appinventor.ai_mmfrutos7878.Ancleaner::188,10,1,popularity_10,16
Small_Libraries,com.burakgon.netoptimizer::1386,10,1,popularity_10,11
Small_Libraries,com.free.neo.vpn::77761,10,1,popularity_10,11
Small_Libraries,com.gameloft.android.ANMP.GloftIVHM::21401,10,1,popularity_10,51
Small_Libraries,com.hardgrnd.lineup11::122,10,1,popularity_10,7
Small_Libraries,com.koreanair.passenger::608,10,1,popularity_10,8
Small_Libraries,com.sgk.eganna.in::59,10,1,popularity_10,88
Small_Libraries,musicdownloader.monster.videodownloader::24,10,1,popularity_10,10
Small_Libraries,vidstatus.com::30,10,1,popularity_10,138
Small_Libraries,com.foodbooking.heatcafedubai::4433,1,1,popularity_1,6
Small_Libraries,com.pixipine.jalees::17,1,1,popularity_1,9
Small_Libraries,com.wook.market::12,1,1,popularity_1,9
Small_Libraries,ie.flipdish.fd18090::81467,1,1,popularity_1,6
Small_Libraries,ie.flipdish.fd3678::52777,1,1,popularity_1,6
Small_Libraries,at.oamtc.cityguide::30700003,7,1,popularity_7,9
Small_Libraries,com.getwheelsapp.wheels::2181,7,1,popularity_7,3
Small_Libraries,com.msf.ket::72,7,1,popularity_7,5
Small_Libraries,com.wovibe.hotplayer::9,7,1,popularity_7,2
Small_Libraries,cz.gov.edoklady::2503251,7,1,popularity_7,2
Small_Libraries,id.code.wings::1300022,7,1,popularity_7,2
Small_Libraries,uk.co.image_plus.propertyinvestor::39,5,1,popularity_5,9
Small_Libraries,br.lgfelicio::9268,9,1,popularity_9,11
Small_Libraries,com.teegloyalty.timezone::245,9,1,popularity_9,9
Small_Libraries,com.foodbooking.nizamat::5741,3,1,popularity_3,9
Small_Libraries,com.zoop.caparao::107,3,1,popularity_3,3
Small_Libraries,com.fnoex.fan.uncbears::20001548,2,1,popularity_2,18
Small_Libraries,com.heydomo.vendors::19,2,1,popularity_2,4
Small_Libraries,com.chereads.reader::395,8,1,popularity_8,14
Small_Libraries,com.phonecleaner.junkcleaner.cache.clean.phone.booster::23,6,1,popularity_6,9
Small_Libraries,br.com.mobits.mobitsplaza.app.praiadacosta::47,4,1,popularity_4,1
Small_Libraries,com.ctappstudio.imdoodle::23,4,1,popularity_4,5
Small_Libraries,de.nitri.bigfive::32,4,1,popularity_4,10
Small_Libraries,in.co.mfonline::33,4,1,popularity_4,9
Small_Libraries,com.foodbooking.plazamerengue::5469,0,1,popularity_0,9
Small_Libraries,com.foodbooking.popeheaven::5397,0,1,popularity_0,9
Small_Libraries,com.quantresearch.exam.ccrn::10,0,1,popularity_0,9
Small_Libraries,ie.flipdish.fd24065::64301,0,1,popularity_0,6
Small_Libraries,it.vincenzoamoruso.theinterpreter::20299,10,1,popularity_10,7
Small_Libraries,jp.or.nhk.news::81,10,1,popularity_10,7
Utilities,com.avempace.smaart.doorphone::7365,1,1,popularity_1,25
Utilities,com.digion.dixim.security.app::4,1,1,popularity_1,8
Utilities,com.ec.kimersoft.secureapp::40,1,1,popularity_1,33
Utilities,com.eduven.cg.norway::10,1,1,popularity_1,16
Utilities,com.ensivosolutions.studyflix::6,1,1,popularity_1,17
Utilities,com.geliossoft.gruzolot_dispatcher::1,1,1,popularity_1,16
Utilities,com.nani_wellness::13,1,1,popularity_1,17
Utilities,com.omning.omniboard.lck1203::31,1,1,popularity_1,32
Utilities,com.trainerize.sustainablechangeltd::837000,1,1,popularity_1,16
Utilities,es.bandomovil.serrejon.informa::12,1,1,popularity_1,26
Utilities,es.bandomovil.villahermosadelrio.informa::13,1,1,popularity_1,26
Utilities,gr.activesolutions.dispatch::17,1,1,popularity_1,13
Utilities,mobile.en.com.educationalnetworksmobile.wheeler::15,1,1,popularity_1,27
Utilities,radfan.yemoney::567,1,1,popularity_1,6
Utilities,ru.domopult.sajva.android::894,1,1,popularity_1,18
Utilities,articulate.industrial.skill::25,7,1,popularity_7,4
Utilities,com.androidfin.STFCUnoPackage::118,7,1,popularity_7,31
Utilities,com.app4joy.libya_free::462,7,1,popularity_7,4
Utilities,com.appwalied.quran::41,7,1,popularity_7,15
Utilities,com.arppha::375,7,1,popularity_7,18
Utilities,com.autocab.driverapp::9930,7,1,popularity_7,27
Utilities,com.byappsc.shehj::266,7,1,popularity_7,80
Utilities,com.etoos.app.wm::10131,7,1,popularity_7,22
Utilities,com.frontphoto.gallery::20,7,1,popularity_7,6
Utilities,com.g4app::165,7,1,popularity_7,16
Utilities,com.ilib.stepbystepsalah::6,7,1,popularity_7,11
Utilities,com.jehutyno.yomikata::65,7,1,popularity_7,10
Utilities,com.sagamill.stocksalerter::44,7,1,popularity_7,29
Utilities,dk.mochsoft.vnc::26,7,1,popularity_7,64
Utilities,idea.online_backgammon::96,7,1,popularity_7,36
Utilities,ru.atomsbt.mobile::91,7,1,popularity_7,18
Utilities,videochat.livevideocall.randomvideocall.livechat::45,7,1,popularity_7,19
Utilities,br.com.originalsoftware.taxifonecliente.teleTaxiSalvador::3665,5,1,popularity_5,18
Utilities,com.appg.bankdiary.client::11,5,1,popularity_5,32
Utilities,com.david.mybaby::150,5,1,popularity_5,11
Utilities,com.homecu.bwuccu::2097,5,1,popularity_5,4
Utilities,com.imzhiqiang.period::10701,5,1,popularity_5,6
Utilities,com.magazinecloner.hotenglish::2034071301,5,1,popularity_5,23
Utilities,com.mysiteanalytics.msa::116,5,1,popularity_5,11
Utilities,com.newlinks.intercomclient::43,5,1,popularity_5,5
Utilities,com.proapps.sword.sounds::1001,5,1,popularity_5,12
Utilities,com.simplexi.messenger::2021020104,5,1,popularity_5,36
Utilities,com.walid.appmuslim::14,5,1,popularity_5,10
Utilities,net.mohadaratdiniya.fatawa.ibnuthaymeen::1002,5,1,popularity_5,10
Utilities,quran.tilawatequran.mahermaaiqli::1001,5,1,popularity_5,18
Utilities,so.ateya.ahmed.Lagna_Daamah::4,5,1,popularity_5,67
Utilities,sukron.com.animal::8,5,1,popularity_5,6
Utilities,com.angel.world.clock::14,9,1,popularity_9,10
Utilities,com.awabe.learnenglish::60,9,1,popularity_9,17
Utilities,com.evansir.runicformulas::141,9,1,popularity_9,11
Utilities,com.fourksoft.openvpn::407,9,1,popularity_9,26
Utilities,com.ihuaj.gamecc.global::143,9,1,popularity_9,12
Utilities,com.nudi.bkn.sapk::82,9,1,popularity_9,8
Utilities,com.photoslideshow.birthdayvideomaker::32,9,1,popularity_9,6
Utilities,controllers.marham.marhammed::481,9,1,popularity_9,3
Utilities,de.danoeh.antennapod::3080095,9,1,popularity_9,34
Utilities,fr.lapostemobile.appliclient::61,9,1,popularity_9,2
Utilities,it.creaweb.ucicinemas::61,9,1,popularity_9,4
Utilities,net.fetnet.fetvod::937,9,1,popularity_9,25
Utilities,pt.cp.mobiapp::285,9,1,popularity_9,18
Utilities,ch.cern.cernbox::43000100,3,1,popularity_3,24
Utilities,cn.com.tiro.virtualremote::113,3,1,popularity_3,33
Utilities,com.Jupet.coloringfootballlogos::1,3,1,popularity_3,6
Utilities,com.asis.petechmobil::19,3,1,popularity_3,56
Utilities,com.bfi.rca.gabon::2,3,1,popularity_3,19
Utilities,com.caftrade.app::22091910,3,1,popularity_3,2
Utilities,com.calculos.laborales::60,3,1,popularity_3,16
Utilities,com.coopersfiaam::35,3,1,popularity_3,9
Utilities,com.justlogin.newkiosk::40,3,1,popularity_3,20
Utilities,com.sadanimewallpaper.masmasstudio::6,3,1,popularity_3,18
Utilities,com.sanaedutech.accounts_auditing::234,3,1,popularity_3,8
Utilities,com.sejood.elsahw::1005,3,1,popularity_3,20
Utilities,com.shuvic.alumni.sungnamob::18,3,1,popularity_3,5
Utilities,com.siamtele.user::94,3,1,popularity_3,24
Utilities,com.two.ukcitizenship::10,3,1,popularity_3,9
Utilities,com.weblogy.acotonou.com::20,3,1,popularity_3,17
Utilities,com.ymaa.waterstyle::6,3,1,popularity_3,2
Utilities,parentsalarm.green.valley.international.school.pusa.samastipur.bihar::2,3,1,popularity_3,4
Utilities,vn.os.launcher::8,3,1,popularity_3,8
Utilities,br.com.movibrasil.taxi.drivermachine::915,2,1,popularity_2,27
Utilities,com.app.user.sureEcosystem::51,2,1,popularity_2,9
Utilities,com.ingeniando.ciudadelaelejercito::3,2,1,popularity_2,11
Utilities,com.mappytom.manager_app::63,2,1,popularity_2,54
Utilities,com.praxinfo.gtc::10005,2,1,popularity_2,18
Utilities,com.rootekstudio.repeatsandroid::2080013,2,1,popularity_2,17
Utilities,com.social.ekchat::78,2,1,popularity_2,24
Utilities,hl.weightloss.fitness.calories.counter.diet.plan::6,2,1,popularity_2,20
Utilities,nl.mijnbezorgapp.kid_85::84,2,1,popularity_2,6
Utilities,ru.navikey.airlayobjectcollector::409,2,1,popularity_2,18
Utilities,uk.co.audiotrails.stmagnusway::9,2,1,popularity_2,20
Utilities,com.bekids.gogotown.unicorns::144,8,1,popularity_8,20
Utilities,com.callhistory.contacts.calllog::86,8,1,popularity_8,22
Utilities,com.danale.video::10199,8,1,popularity_8,50
Utilities,com.discipleskies.gpsreset::42,8,1,popularity_8,2
Utilities,com.etoos.india.app::200,8,1,popularity_8,39
Utilities,com.keiind.connect::62,8,1,popularity_8,33
Utilities,com.peachlive.android::28,8,1,popularity_8,29
Utilities,com.pocketgroup.pocketpay::340,8,1,popularity_8,21
Utilities,com.questalliance.myquest::101,8,1,popularity_8,30
Utilities,com.rmtheis.price.comparison.scanner::102,8,1,popularity_8,4
Utilities,com.rtve.mas24::87,8,1,popularity_8,25
Utilities,com.x2line.android.milkybaby::26144281,8,1,popularity_8,26
Utilities,de.rooehler.bikecomputer::262,8,1,popularity_8,25
Utilities,org.chennaimetrorail.appv1::161,8,1,popularity_8,66
Utilities,pt.sapo.android.cloudpt::120,8,1,popularity_8,46
Utilities,ru.tutu.tutu_bus::48000,8,1,popularity_8,18
Utilities,smf.kupiavto::810,8,1,popularity_8,15
Utilities,systems.altura.aclient.cnel::1280,8,1,popularity_8,92
Utilities,volume.bass.virtrualizer.equalizer.sound.effect::7,8,1,popularity_8,13
Utilities,au.com.idfish.app::68,6,1,popularity_6,41
Utilities,com.arvin.applemessagepro::30,6,1,popularity_6,8
Utilities,com.connectiq.r485.mapsr485companion::214,6,1,popularity_6,23
Utilities,com.emlaksitem.android::423,6,1,popularity_6,21
Utilities,com.goethe.hu::819,6,1,popularity_6,18
Utilities,com.kbmmobile.kbm.user.muzammilhasballahmp3::17,6,1,popularity_6,2
Utilities,com.klinqq.app::59,6,1,popularity_6,22
Utilities,com.makeshop.powerapp.lusida::10001,6,1,popularity_6,2
Utilities,com.manhajona.OmarAbdelkafy::1005,6,1,popularity_6,18
Utilities,com.mcb.rahul::11,6,1,popularity_6,4
Utilities,com.minimiew.kamkomsawaddee::9,6,1,popularity_6,2
Utilities,com.qgroupmedia.qnews::9,6,1,popularity_6,20
Utilities,com.safeme.calculator::50,6,1,popularity_6,24
Utilities,com.shootwords.main::91,6,1,popularity_6,6
Utilities,ges.com.antalyasmartcity::61,6,1,popularity_6,2
Utilities,jp.co.ponos.nanimoshinai::1000002,6,1,popularity_6,4
Utilities,ru.webvo.book.AOTNDEZKOFBQNZJW::10,6,1,popularity_6,19
Utilities,smartcoder.click_tv::133,6,1,popularity_6,18
Utilities,co.dudo.podcastvn::28,4,1,popularity_4,26
Utilities,com.delivery.asiaExpress::245,4,1,popularity_4,9
Utilities,com.dragoma.frko::229,4,1,popularity_4,29
Utilities,com.eco.tour::47,4,1,popularity_4,5
Utilities,com.fox.foxfast.universal::434,4,1,popularity_4,18
Utilities,com.gpsmycity.android.u134::55,4,1,popularity_4,2
Utilities,com.hellothupten.lametro::20210802,4,1,popularity_4,33
Utilities,com.learnateso.learn_ateso::40,4,1,popularity_4,14
Utilities,com.lekseek.aptekarzInterakcje::134,4,1,popularity_4,4
Utilities,com.mysalesforce.mycommunity.C00D2p000000UXa9EAG.A0OT2p000000KyjHGAS.app1::111200000,4,1,popularity_4,12
Utilities,com.online.quiz::10,4,1,popularity_4,31
Utilities,com.pragma.scientistsinventionsanddiscoveries::5,4,1,popularity_4,27
Utilities,in.myinnos.batteryinfopro::50,4,1,popularity_4,22
Utilities,so.ateya.ahmed.Akedah_Wastyah_Lib_BT::7,4,1,popularity_4,79
Utilities,co.massmobileapps.porkmafia::3,0,1,popularity_0,34
Utilities,com.app.radioelsalvador::2,0,1,popularity_0,2
Utilities,com.app.soivyfi::135,0,1,popularity_0,22
Utilities,com.blossomsazz.app::1,0,1,popularity_0,17
Utilities,com.chownow.communitylanes::139,0,1,popularity_0,20
Utilities,com.cofox.kahunas.TheLabMethod::210,0,1,popularity_0,57
Utilities,com.ideabytes.dgsms.midland::22,0,1,popularity_0,68
Utilities,com.noursal.Al3qlwFadlhBook::1,0,1,popularity_0,2
Utilities,com.nupuit.agpc::5,0,1,popularity_0,450
Utilities,com.pegasustech.smartstores::10,0,1,popularity_0,31
Utilities,com.pioneers.misrel_mostaabal::1,0,1,popularity_0,14
Utilities,com.pioneers.wahtal_abnaa_al_alamia::4,0,1,popularity_0,14
Utilities,com.questblue.sipblue2::5,0,1,popularity_0,20
Utilities,com.rsmnm.driver::26,0,1,popularity_0,31
Utilities,com.schoolmatenuvo.pierrepaul::100,0,1,popularity_0,11
Utilities,com.yardi.systems.rentcafe.resident.thomassafran.astra::2,0,1,popularity_0,10
Utilities,appinventor.ai_mmfrutos7878.Ancleaner::188,10,1,popularity_10,16
Utilities,com.burakgon.netoptimizer::1386,10,1,popularity_10,2
Utilities,com.free.neo.vpn::77761,10,1,popularity_10,15
Utilities,com.gameloft.android.ANMP.GloftIVHM::21401,10,1,popularity_10,42
Utilities,com.hardgrnd.lineup11::122,10,1,popularity_10,2
Utilities,com.koreanair.passenger::608,10,1,popularity_10,23
Utilities,com.sgk.eganna.in::59,10,1,popularity_10,88
Utilities,musicdownloader.monster.videodownloader::24,10,1,popularity_10,25
Utilities,vidstatus.com::30,10,1,popularity_10,157
Utilities,com.agiliron::5,1,1,popularity_1,1
Utilities,com.appworkout.fitbutler.demo::1277,1,1,popularity_1,11
Utilities,com.foodbooking.heatcafedubai::4433,1,1,popularity_1,13
Utilities,com.nikssoftware.photorecover::3,1,1,popularity_1,8
Utilities,com.onlister.guidancekoyilandy::9,1,1,popularity_1,3
Utilities,com.pixipine.jalees::17,1,1,popularity_1,32
Utilities,com.rpn.erfahislamicvoice::10,1,1,popularity_1,16
Utilities,com.wego.cita::10,1,1,popularity_1,9
Utilities,com.wook.market::12,1,1,popularity_1,9
Utilities,com.xgroupsrl.dipe.smart::400403,1,1,popularity_1,9
Utilities,com.ztcx.ai::7,1,1,popularity_1,10
Utilities,de.appack.project.tbruit::1,1,1,popularity_1,14
Utilities,es.tpc.matchpoint.appclient.costaricatennisclub::81,1,1,popularity_1,9
Utilities,ie.flipdish.fd18090::81467,1,1,popularity_1,16
Utilities,ie.flipdish.fd3678::52777,1,1,popularity_1,16
Utilities,nl.oosternijkerk::12,1,1,popularity_1,9
Utilities,at.oamtc.cityguide::30700003,7,1,popularity_7,15
Utilities,com.bosch.boschlevellingremoteapp::153,7,1,popularity_7,14
Utilities,com.dylan.gamepad.pro::155,7,1,popularity_7,8
Utilities,com.ezp.tattoo::126,7,1,popularity_7,1
Utilities,com.geoactio.avanzalargorecorrido::18,7,1,popularity_7,10
Utilities,com.getwheelsapp.wheels::2181,7,1,popularity_7,14
Utilities,com.msf.ket::72,7,1,popularity_7,2
Utilities,com.taw9el.couponredeem::5,7,1,popularity_7,14
Utilities,com.wovibe.hotplayer::9,7,1,popularity_7,9
Utilities,eu.tresfactory.lupaalertemasina::580,7,1,popularity_7,1
Utilities,id.code.wings::1300022,7,1,popularity_7,3
Utilities,kr.co.seoulgas.cash::137,7,1,popularity_7,16
Utilities,rcglobal.android.kiha::109,7,1,popularity_7,9
Utilities,com.a7afidi.hidden::23,5,1,popularity_5,8
Utilities,com.dabdeveloper.moviedb.android::35,5,1,popularity_5,12
Utilities,com.filter.camera.ccd.cam1998::12,5,1,popularity_5,14
Utilities,com.greatcatholicmusic.app::12,5,1,popularity_5,10
Utilities,com.pccomputer.udhar_khata_book::10,5,1,popularity_5,17
Utilities,com.tegut.tbox::2000000542,5,1,popularity_5,5
Utilities,jp.co.a_tm.android.plus_autumn_color::1000,5,1,popularity_5,5
Utilities,jp.co.okinawatimes.viewer.and::25,5,1,popularity_5,2
Utilities,kr.co.echeck.smu::20301,5,1,popularity_5,9
Utilities,robo.forrest.fairy.sword.tree.tower.craft::7,5,1,popularity_5,9
Utilities,ru.amigo.app::46,5,1,popularity_5,17
Utilities,uk.co.image_plus.propertyinvestor::39,5,1,popularity_5,21
Utilities,br.lgfelicio::9268,9,1,popularity_9,16
Utilities,com.liogaming.dlskits::8,9,1,popularity_9,9
Utilities,com.teegloyalty.timezone::245,9,1,popularity_9,17
Utilities,de.elfsoft.bestbrokers::81,9,1,popularity_9,15
Utilities,es.ottplayer.tv::16842877,9,1,popularity_9,31
Utilities,andreasagap.ktelmakedonia::38,3,1,popularity_3,10
Utilities,chat.butler.panel::88,3,1,popularity_3,14
Utilities,com.Citron.petersapp::5,3,1,popularity_3,13
Utilities,com.biosys.tdcheck::13,3,1,popularity_3,6
Utilities,com.foodbooking.nizamat::5741,3,1,popularity_3,13
Utilities,com.gcart.android.tokojsfashion::10,3,1,popularity_3,12
Utilities,com.mamastudio.banglaquiz::6,3,1,popularity_3,9
Utilities,com.netizensconnect.student::4,3,1,popularity_3,18
Utilities,com.olo.skrimpshack::11474,3,1,popularity_3,9
Utilities,com.umnico.android::1054,3,1,popularity_3,34
Utilities,com.zoop.caparao::107,3,1,popularity_3,11
Utilities,edu.paulmitchell.theskillcards::4,3,1,popularity_3,1
Utilities,clipescola.android.aster::10512,2,1,popularity_2,21
Utilities,com.adelya.otv2::239,2,1,popularity_2,3
Utilities,com.alphaapps.awfarlak::11,2,1,popularity_2,14
Utilities,com.beoneapps.rutadelaplata::11,2,1,popularity_2,14
Utilities,com.citygovapp.washoeir::8,2,1,popularity_2,9
Utilities,com.doodle.dehqon::15,2,1,popularity_2,14
Utilities,com.fnoex.fan.uncbears::20001548,2,1,popularity_2,15
Utilities,com.formasapp.mimaquinaria::4,2,1,popularity_2,8
Utilities,com.heydomo.vendors::19,2,1,popularity_2,14
Utilities,com.keywee.shipping.shipitto::29,2,1,popularity_2,14
Utilities,com.socorroec.smartapps::626,2,1,popularity_2,12
Utilities,com.stranger_thingss.wallpaper::10,2,1,popularity_2,11
Utilities,com.teramatrix.vos::60,2,1,popularity_2,3
Utilities,com.tokai.coraline::1,2,1,popularity_2,9
Utilities,com.whiteclouds.christmascakeideagallery::8,2,1,popularity_2,11
Utilities,kr.ac.jbnu.ch::3634,2,1,popularity_2,14
Utilities,net.hanulsoft.busanmba::101,2,1,popularity_2,1
Utilities,to.ord.app::32,2,1,popularity_2,14
Utilities,com.androston.lovepictures::13,8,1,popularity_8,13
Utilities,com.chereads.reader::395,8,1,popularity_8,14
Utilities,com.fasttamilkeyboard.typing.easytamiltext.inputmethod::25,8,1,popularity_8,8
Utilities,com.londonandpartners.londonguide::31940000,8,1,popularity_8,7
Utilities,com.moall.farmerstore88::38,8,1,popularity_8,13
Utilities,com.prompt.ma.maapplicationfinalAmul::50,8,1,popularity_8,9
Utilities,com.stn.mobile_player::418995,8,1,popularity_8,2
Utilities,com.app.azantime::58,6,1,popularity_6,14
Utilities,com.golfboxdk::238,6,1,popularity_6,15
Utilities,com.phonecleaner.junkcleaner.cache.clean.phone.booster::23,6,1,popularity_6,8
Utilities,com.quarantadue.cocktails::41,6,1,popularity_6,9
Utilities,com.silvertrac.mob::4058,6,1,popularity_6,9
Utilities,de.virality.dieschulapp.ui::149,6,1,popularity_6,14
Utilities,kz.alser.selfservice::2343,6,1,popularity_6,17
Utilities,org.katieone::44,6,1,popularity_6,9
Utilities,com.ctappstudio.imdoodle::23,4,1,popularity_4,9
Utilities,com.electra.webapp.webtech::20,4,1,popularity_4,12
Utilities,com.latlong.coordinates::7,4,1,popularity_4,8
Utilities,com.mycinemahall::101050500,4,1,popularity_4,13
Utilities,com.vcis.app.kanossaschool::37,4,1,popularity_4,1
Utilities,com.virenter.books.aaaav::10,4,1,popularity_4,9
Utilities,countries.of.the.world::4,4,1,popularity_4,14
Utilities,in.co.mfonline::33,4,1,popularity_4,11
Utilities,com.bertholucci.potd::5,0,1,popularity_0,14
Utilities,com.clavax.fence_alarm::8,0,1,popularity_0,13
Utilities,com.dieffetech.eolas::2,0,1,popularity_0,12
Utilities,com.foodbooking.plazamerengue::5469,0,1,popularity_0,13
Utilities,com.foodbooking.popeheaven::5397,0,1,popularity_0,13
Utilities,com.pilbeo.pilbeo_pumpkin_android::17,0,1,popularity_0,9
Utilities,com.quantresearch.exam.ccrn::10,0,1,popularity_0,14
Utilities,com.sekaku.williamxia.tmix164::11,0,1,popularity_0,3
Utilities,com.service.madactylo::3,0,1,popularity_0,13
Utilities,com.shoutcast.stm.radiosupergospelpr::1,0,1,popularity_0,9
Utilities,conversor.conversaotaxasbasico.krwisk::37,0,1,popularity_0,1
Utilities,es.wemakeit.couto::51,0,1,popularity_0,20
Utilities,ie.flipdish.fd24065::64301,0,1,popularity_0,16
Utilities,io.mimin.keyboard::5,0,1,popularity_0,13
Utilities,net.wdsvlc.usa_radio_chicago_illinois_united_states::24,0,1,popularity_0,10
Utilities,qoresh.social.friendshipquotes::1,0,1,popularity_0,9
Utilities,ru.quickresto.qrqueue::62001,0,1,popularity_0,13
Utilities,com.SouthernPacificOceanFisher.VoiceToText_memo::186,10,1,popularity_10,19
Utilities,it.vincenzoamoruso.theinterpreter::20299,10,1,popularity_10,2
Utilities,jp.or.nhk.news::81,10,1,popularity_10,5
miscellaneous,com.avempace.smaart.doorphone::7365,1,1,popularity_1,23
miscellaneous,com.digion.dixim.security.app::4,1,1,popularity_1,8
miscellaneous,com.ec.kimersoft.secureapp::40,1,1,popularity_1,36
miscellaneous,com.eduven.cg.norway::10,1,1,popularity_1,21
miscellaneous,com.ensivosolutions.studyflix::6,1,1,popularity_1,10
miscellaneous,com.geliossoft.gruzolot_dispatcher::1,1,1,popularity_1,4
miscellaneous,com.nani_wellness::13,1,1,popularity_1,15
miscellaneous,com.omning.omniboard.lck1203::31,1,1,popularity_1,34
miscellaneous,com.trainerize.sustainablechangeltd::837000,1,1,popularity_1,35
miscellaneous,es.bandomovil.serrejon.informa::12,1,1,popularity_1,12
miscellaneous,es.bandomovil.villahermosadelrio.informa::13,1,1,popularity_1,12
miscellaneous,gr.activesolutions.dispatch::17,1,1,popularity_1,9
miscellaneous,mobile.en.com.educationalnetworksmobile.wheeler::15,1,1,popularity_1,18
miscellaneous,radfan.yemoney::567,1,1,popularity_1,6
miscellaneous,ru.domopult.sajva.android::894,1,1,popularity_1,12
miscellaneous,articulate.industrial.skill::25,7,1,popularity_7,15
miscellaneous,com.androidfin.STFCUnoPackage::118,7,1,popularity_7,33
miscellaneous,com.app4joy.libya_free::462,7,1,popularity_7,10
miscellaneous,com.appwalied.quran::41,7,1,popularity_7,6
miscellaneous,com.arppha::375,7,1,popularity_7,5
miscellaneous,com.autocab.driverapp::9930,7,1,popularity_7,210
miscellaneous,com.byappsc.shehj::266,7,1,popularity_7,81
miscellaneous,com.etoos.app.wm::10131,7,1,popularity_7,65
miscellaneous,com.frontphoto.gallery::20,7,1,popularity_7,6
miscellaneous,com.g4app::165,7,1,popularity_7,14
miscellaneous,com.ilib.stepbystepsalah::6,7,1,popularity_7,5
miscellaneous,com.jehutyno.yomikata::65,7,1,popularity_7,13
miscellaneous,com.sagamill.stocksalerter::44,7,1,popularity_7,36
miscellaneous,dk.mochsoft.vnc::26,7,1,popularity_7,66
miscellaneous,idea.online_backgammon::96,7,1,popularity_7,92
miscellaneous,ru.atomsbt.mobile::91,7,1,popularity_7,15
miscellaneous,videochat.livevideocall.randomvideocall.livechat::45,7,1,popularity_7,13
miscellaneous,br.com.originalsoftware.taxifonecliente.teleTaxiSalvador::3665,5,1,popularity_5,20
miscellaneous,com.appg.bankdiary.client::11,5,1,popularity_5,27
miscellaneous,com.david.mybaby::150,5,1,popularity_5,4
miscellaneous,com.homecu.bwuccu::2097,5,1,popularity_5,5
miscellaneous,com.imzhiqiang.period::10701,5,1,popularity_5,19
miscellaneous,com.magazinecloner.hotenglish::2034071301,5,1,popularity_5,12
miscellaneous,com.mysiteanalytics.msa::116,5,1,popularity_5,8
miscellaneous,com.newlinks.intercomclient::43,5,1,popularity_5,24
miscellaneous,com.proapps.sword.sounds::1001,5,1,popularity_5,12
miscellaneous,com.simplexi.messenger::2021020104,5,1,popularity_5,36
miscellaneous,com.walid.appmuslim::14,5,1,popularity_5,14
miscellaneous,net.mohadaratdiniya.fatawa.ibnuthaymeen::1002,5,1,popularity_5,10
miscellaneous,quran.tilawatequran.mahermaaiqli::1001,5,1,popularity_5,18
miscellaneous,so.ateya.ahmed.Lagna_Daamah::4,5,1,popularity_5,55
miscellaneous,sukron.com.animal::8,5,1,popularity_5,15
miscellaneous,com.angel.world.clock::14,9,1,popularity_9,4
miscellaneous,com.awabe.learnenglish::60,9,1,popularity_9,10
miscellaneous,com.evansir.runicformulas::141,9,1,popularity_9,25
miscellaneous,com.fourksoft.openvpn::407,9,1,popularity_9,31
miscellaneous,com.ihuaj.gamecc.global::143,9,1,popularity_9,32
miscellaneous,com.nudi.bkn.sapk::82,9,1,popularity_9,5
miscellaneous,com.photoslideshow.birthdayvideomaker::32,9,1,popularity_9,17
miscellaneous,controllers.marham.marhammed::481,9,1,popularity_9,13
miscellaneous,de.danoeh.antennapod::3080095,9,1,popularity_9,29
miscellaneous,fr.lapostemobile.appliclient::61,9,1,popularity_9,6
miscellaneous,it.creaweb.ucicinemas::61,9,1,popularity_9,14
miscellaneous,net.fetnet.fetvod::937,9,1,popularity_9,25
miscellaneous,pt.cp.mobiapp::285,9,1,popularity_9,22
miscellaneous,ch.cern.cernbox::43000100,3,1,popularity_3,30
miscellaneous,cn.com.tiro.virtualremote::113,3,1,popularity_3,48
miscellaneous,com.Jupet.coloringfootballlogos::1,3,1,popularity_3,4
miscellaneous,com.asis.petechmobil::19,3,1,popularity_3,56
miscellaneous,com.bfi.rca.gabon::2,3,1,popularity_3,18
miscellaneous,com.caftrade.app::22091910,3,1,popularity_3,15
miscellaneous,com.calculos.laborales::60,3,1,popularity_3,6
miscellaneous,com.coopersfiaam::35,3,1,popularity_3,13
miscellaneous,com.justlogin.newkiosk::40,3,1,popularity_3,5
miscellaneous,com.sadanimewallpaper.masmasstudio::6,3,1,popularity_3,6
miscellaneous,com.sanaedutech.accounts_auditing::234,3,1,popularity_3,11
miscellaneous,com.sejood.elsahw::1005,3,1,popularity_3,20
miscellaneous,com.shuvic.alumni.sungnamob::18,3,1,popularity_3,6
miscellaneous,com.siamtele.user::94,3,1,popularity_3,5
miscellaneous,com.two.ukcitizenship::10,3,1,popularity_3,47
miscellaneous,com.weblogy.acotonou.com::20,3,1,popularity_3,13
miscellaneous,com.ymaa.waterstyle::6,3,1,popularity_3,2
miscellaneous,parentsalarm.green.valley.international.school.pusa.samastipur.bihar::2,3,1,popularity_3,4
miscellaneous,vn.os.launcher::8,3,1,popularity_3,8
miscellaneous,br.com.movibrasil.taxi.drivermachine::915,2,1,popularity_2,22
miscellaneous,com.app.user.sureEcosystem::51,2,1,popularity_2,4
miscellaneous,com.ingeniando.ciudadelaelejercito::3,2,1,popularity_2,4
miscellaneous,com.mappytom.manager_app::63,2,1,popularity_2,54
miscellaneous,com.praxinfo.gtc::10005,2,1,popularity_2,7
miscellaneous,com.rootekstudio.repeatsandroid::2080013,2,1,popularity_2,18
miscellaneous,com.social.ekchat::78,2,1,popularity_2,80
miscellaneous,hl.weightloss.fitness.calories.counter.diet.plan::6,2,1,popularity_2,7
miscellaneous,nl.mijnbezorgapp.kid_85::84,2,1,popularity_2,18
miscellaneous,ru.navikey.airlayobjectcollector::409,2,1,popularity_2,5
miscellaneous,uk.co.audiotrails.stmagnusway::9,2,1,popularity_2,26
miscellaneous,com.bekids.gogotown.unicorns::144,8,1,popularity_8,143
miscellaneous,com.callhistory.contacts.calllog::86,8,1,popularity_8,38
miscellaneous,com.danale.video::10199,8,1,popularity_8,73
miscellaneous,com.discipleskies.gpsreset::42,8,1,popularity_8,8
miscellaneous,com.etoos.india.app::200,8,1,popularity_8,70
miscellaneous,com.keiind.connect::62,8,1,popularity_8,15
miscellaneous,com.peachlive.android::28,8,1,popularity_8,68
miscellaneous,com.pocketgroup.pocketpay::340,8,1,popularity_8,38
miscellaneous,com.questalliance.myquest::101,8,1,popularity_8,25
miscellaneous,com.rmtheis.price.comparison.scanner::102,8,1,popularity_8,6
miscellaneous,com.rtve.mas24::87,8,1,popularity_8,32
miscellaneous,com.x2line.android.milkybaby::26144281,8,1,popularity_8,28
miscellaneous,de.rooehler.bikecomputer::262,8,1,popularity_8,10
miscellaneous,org.chennaimetrorail.appv1::161,8,1,popularity_8,51
miscellaneous,pt.sapo.android.cloudpt::120,8,1,popularity_8,49
miscellaneous,ru.tutu.tutu_bus::48000,8,1,popularity_8,19
miscellaneous,smf.kupiavto::810,8,1,popularity_8,23
miscellaneous,systems.altura.aclient.cnel::1280,8,1,popularity_8,78
miscellaneous,volume.bass.virtrualizer.equalizer.sound.effect::7,8,1,popularity_8,6
miscellaneous,au.com.idfish.app::68,6,1,popularity_6,39
miscellaneous,com.arvin.applemessagepro::30,6,1,popularity_6,20
miscellaneous,com.connectiq.r485.mapsr485companion::214,6,1,popularity_6,14
miscellaneous,com.emlaksitem.android::423,6,1,popularity_6,24
miscellaneous,com.goethe.hu::819,6,1,popularity_6,19
miscellaneous,com.kbmmobile.kbm.user.muzammilhasballahmp3::17,6,1,popularity_6,6
miscellaneous,com.klinqq.app::59,6,1,popularity_6,21
miscellaneous,com.makeshop.powerapp.lusida::10001,6,1,popularity_6,5
miscellaneous,com.manhajona.OmarAbdelkafy::1005,6,1,popularity_6,18
miscellaneous,com.mcb.rahul::11,6,1,popularity_6,18
miscellaneous,com.minimiew.kamkomsawaddee::9,6,1,popularity_6,4
miscellaneous,com.qgroupmedia.qnews::9,6,1,popularity_6,7
miscellaneous,com.safeme.calculator::50,6,1,popularity_6,29
miscellaneous,com.shootwords.main::91,6,1,popularity_6,4
miscellaneous,ges.com.antalyasmartcity::61,6,1,popularity_6,10
miscellaneous,jp.co.ponos.nanimoshinai::1000002,6,1,popularity_6,8
miscellaneous,ru.webvo.book.AOTNDEZKOFBQNZJW::10,6,1,popularity_6,12
miscellaneous,smartcoder.click_tv::133,6,1,popularity_6,8
miscellaneous,co.dudo.podcastvn::28,4,1,popularity_4,27
miscellaneous,com.delivery.asiaExpress::245,4,1,popularity_4,11
miscellaneous,com.dragoma.frko::229,4,1,popularity_4,42
miscellaneous,com.eco.tour::47,4,1,popularity_4,7
miscellaneous,com.fox.foxfast.universal::434,4,1,popularity_4,14
miscellaneous,com.gpsmycity.android.u134::55,4,1,popularity_4,8
miscellaneous,com.hellothupten.lametro::20210802,4,1,popularity_4,33
miscellaneous,com.learnateso.learn_ateso::40,4,1,popularity_4,4
miscellaneous,com.lekseek.aptekarzInterakcje::134,4,1,popularity_4,19
miscellaneous,com.mysalesforce.mycommunity.C00D2p000000UXa9EAG.A0OT2p000000KyjHGAS.app1::111200000,4,1,popularity_4,7
miscellaneous,com.online.quiz::10,4,1,popularity_4,8
miscellaneous,com.pragma.scientistsinventionsanddiscoveries::5,4,1,popularity_4,18
miscellaneous,in.myinnos.batteryinfopro::50,4,1,popularity_4,25
miscellaneous,so.ateya.ahmed.Akedah_Wastyah_Lib_BT::7,4,1,popularity_4,71
miscellaneous,co.massmobileapps.porkmafia::3,0,1,popularity_0,63
miscellaneous,com.app.radioelsalvador::2,0,1,popularity_0,2
miscellaneous,com.app.soivyfi::135,0,1,popularity_0,23
miscellaneous,com.blossomsazz.app::1,0,1,popularity_0,40
miscellaneous,com.chownow.communitylanes::139,0,1,popularity_0,60
miscellaneous,com.cofox.kahunas.TheLabMethod::210,0,1,popularity_0,46
miscellaneous,com.ideabytes.dgsms.midland::22,0,1,popularity_0,61
miscellaneous,com.noursal.Al3qlwFadlhBook::1,0,1,popularity_0,6
miscellaneous,com.nupuit.agpc::5,0,1,popularity_0,450
miscellaneous,com.pegasustech.smartstores::10,0,1,popularity_0,35
miscellaneous,com.pioneers.misrel_mostaabal::1,0,1,popularity_0,2
miscellaneous,com.pioneers.wahtal_abnaa_al_alamia::4,0,1,popularity_0,4
miscellaneous,com.questblue.sipblue2::5,0,1,popularity_0,9
miscellaneous,com.rsmnm.driver::26,0,1,popularity_0,27
miscellaneous,com.schoolmatenuvo.pierrepaul::100,0,1,popularity_0,24
miscellaneous,com.yardi.systems.rentcafe.resident.thomassafran.astra::2,0,1,popularity_0,12
miscellaneous,appinventor.ai_mmfrutos7878.Ancleaner::188,10,1,popularity_10,18
miscellaneous,com.burakgon.netoptimizer::1386,10,1,popularity_10,100
miscellaneous,com.free.neo.vpn::77761,10,1,popularity_10,45
miscellaneous,com.gameloft.android.ANMP.GloftIVHM::21401,10,1,popularity_10,45
miscellaneous,com.hardgrnd.lineup11::122,10,1,popularity_10,4
miscellaneous,com.koreanair.passenger::608,10,1,popularity_10,99
miscellaneous,com.sgk.eganna.in::59,10,1,popularity_10,90
miscellaneous,musicdownloader.monster.videodownloader::24,10,1,popularity_10,17
miscellaneous,vidstatus.com::30,10,1,popularity_10,175
miscellaneous,com.agiliron::5,1,1,popularity_1,14
miscellaneous,com.ali.pashtodictionary.apps::320,1,1,popularity_1,1
miscellaneous,com.apptegy.iberia::23,1,1,popularity_1,6
miscellaneous,com.appworkout.fitbutler.demo::1277,1,1,popularity_1,4
miscellaneous,com.foodbooking.heatcafedubai::4433,1,1,popularity_1,3
miscellaneous,com.nikssoftware.photorecover::3,1,1,popularity_1,3
miscellaneous,com.nutechmobile.datenite::9,1,1,popularity_1,3
miscellaneous,com.onlister.guidancekoyilandy::9,1,1,popularity_1,11
miscellaneous,com.pixipine.jalees::17,1,1,popularity_1,18
miscellaneous,com.rpn.erfahislamicvoice::10,1,1,popularity_1,11
miscellaneous,com.universlsoftware.germancalendar::3,1,1,popularity_1,1
miscellaneous,com.wego.cita::10,1,1,popularity_1,11
miscellaneous,com.wook.market::12,1,1,popularity_1,42
miscellaneous,com.xgroupsrl.dipe.smart::400403,1,1,popularity_1,3
miscellaneous,com.ztcx.ai::7,1,1,popularity_1,43
miscellaneous,de.appack.project.tbruit::1,1,1,popularity_1,11
miscellaneous,es.cgb.voluntariadosalamanca::6,1,1,popularity_1,2
miscellaneous,ie.flipdish.fd18090::81467,1,1,popularity_1,35
miscellaneous,ie.flipdish.fd3678::52777,1,1,popularity_1,38
miscellaneous,io.github.withlet11.skyclock::11,1,1,popularity_1,2
miscellaneous,nl.oosternijkerk::12,1,1,popularity_1,3
miscellaneous,ru.rubeg38.technicianmobile::35,1,1,popularity_1,3
miscellaneous,at.oamtc.cityguide::30700003,7,1,popularity_7,12
miscellaneous,com.barasan.cookiekingdomcode::51,7,1,popularity_7,8
miscellaneous,com.bosch.boschlevellingremoteapp::153,7,1,popularity_7,9
miscellaneous,com.dylan.gamepad.pro::155,7,1,popularity_7,16
miscellaneous,com.ezp.tattoo::126,7,1,popularity_7,8
miscellaneous,com.geoactio.avanzalargorecorrido::18,7,1,popularity_7,32
miscellaneous,com.getwheelsapp.wheels::2181,7,1,popularity_7,9
miscellaneous,com.mobincube.draw_car_muscle.sc_HGDI7G::20,7,1,popularity_7,10
miscellaneous,com.msf.ket::72,7,1,popularity_7,6
miscellaneous,com.musatech.digiscale::20,7,1,popularity_7,2
miscellaneous,com.taw9el.couponredeem::5,7,1,popularity_7,18
miscellaneous,com.wovibe.hotplayer::9,7,1,popularity_7,9
miscellaneous,cz.gov.edoklady::2503251,7,1,popularity_7,14
miscellaneous,eu.tresfactory.lupaalertemasina::580,7,1,popularity_7,30
miscellaneous,id.code.wings::1300022,7,1,popularity_7,5
miscellaneous,kr.co.seoulgas.cash::137,7,1,popularity_7,12
miscellaneous,loudringtones.tonosfuertesparaelmovil::8,7,1,popularity_7,3
miscellaneous,net.chat.app2::117,7,1,popularity_7,10
miscellaneous,rcglobal.android.kiha::109,7,1,popularity_7,13
miscellaneous,com.a7afidi.hidden::23,5,1,popularity_5,10
miscellaneous,com.arashpayan.prayerbook::23,5,1,popularity_5,2
miscellaneous,com.dabdeveloper.moviedb.android::35,5,1,popularity_5,2
miscellaneous,com.filter.camera.ccd.cam1998::12,5,1,popularity_5,3
miscellaneous,com.greatcatholicmusic.app::12,5,1,popularity_5,3
miscellaneous,com.pccomputer.udhar_khata_book::10,5,1,popularity_5,59
miscellaneous,com.tegut.tbox::2000000542,5,1,popularity_5,41
miscellaneous,jp.co.okinawatimes.viewer.and::25,5,1,popularity_5,9
miscellaneous,jp.gomisuke.app.Gomisuke0003::12,5,1,popularity_5,2
miscellaneous,kr.co.echeck.smu::20301,5,1,popularity_5,7
miscellaneous,robo.forrest.fairy.sword.tree.tower.craft::7,5,1,popularity_5,4
miscellaneous,ru.amigo.app::46,5,1,popularity_5,18
miscellaneous,uk.co.image_plus.propertyinvestor::39,5,1,popularity_5,13
miscellaneous,br.lgfelicio::9268,9,1,popularity_9,19
miscellaneous,com.brother.ptouch.iprintandlabel::131,9,1,popularity_9,13
miscellaneous,com.clogica.smartvideoeditor::18,9,1,popularity_9,16
miscellaneous,com.ecoatm.ecoapp.android::87,9,1,popularity_9,7
miscellaneous,com.liogaming.dlskits::8,9,1,popularity_9,14
miscellaneous,com.teegloyalty.timezone::245,9,1,popularity_9,59
miscellaneous,de.elfsoft.bestbrokers::81,9,1,popularity_9,27
miscellaneous,es.ottplayer.tv::16842877,9,1,popularity_9,3
miscellaneous,andreasagap.ktelmakedonia::38,3,1,popularity_3,2
miscellaneous,chat.butler.panel::88,3,1,popularity_3,9
miscellaneous,com.Citron.petersapp::5,3,1,popularity_3,22
miscellaneous,com.biosys.tdcheck::13,3,1,popularity_3,13
miscellaneous,com.blackstar.apps.teammanager::15,3,1,popularity_3,6
miscellaneous,com.excelatlife.moodlog::240010001,3,1,popularity_3,2
miscellaneous,com.foodbooking.nizamat::5741,3,1,popularity_3,3
miscellaneous,com.gcart.android.tokojsfashion::10,3,1,popularity_3,1
miscellaneous,com.greenknightlabs.scp_001::24,3,1,popularity_3,5
miscellaneous,com.mamastudio.banglaquiz::6,3,1,popularity_3,2
miscellaneous,com.olo.skrimpshack::11474,3,1,popularity_3,51
miscellaneous,com.umnico.android::1054,3,1,popularity_3,5
miscellaneous,com.winterfelltech.belarusian.keyboard::5,3,1,popularity_3,3
miscellaneous,com.zoop.caparao::107,3,1,popularity_3,14
miscellaneous,edu.paulmitchell.theskillcards::4,3,1,popularity_3,3
miscellaneous,it.taxrefund.taxrefund::9,3,1,popularity_3,73
miscellaneous,ua.radio.gsmboom::168,3,1,popularity_3,9
miscellaneous,app.madamarket.android::6,2,1,popularity_2,11
miscellaneous,clipescola.android.aster::10512,2,1,popularity_2,36
miscellaneous,com.Reliable.AmruthPOPS::20,2,1,popularity_2,1
miscellaneous,com.adelya.otv2::239,2,1,popularity_2,3
miscellaneous,com.alphaapps.awfarlak::11,2,1,popularity_2,2
miscellaneous,com.areeb.doobo::535,2,1,popularity_2,18
miscellaneous,com.beoneapps.rutadelaplata::11,2,1,popularity_2,2
miscellaneous,com.citygovapp.washoeir::8,2,1,popularity_2,13
miscellaneous,com.doodle.dehqon::15,2,1,popularity_2,2
miscellaneous,com.fnoex.fan.uncbears::20001548,2,1,popularity_2,37
miscellaneous,com.heydomo.vendors::19,2,1,popularity_2,7
miscellaneous,com.keywee.shipping.shipitto::29,2,1,popularity_2,2
miscellaneous,com.socorroec.smartapps::626,2,1,popularity_2,1
miscellaneous,com.stranger_thingss.wallpaper::10,2,1,popularity_2,9
miscellaneous,com.tokai.coraline::1,2,1,popularity_2,15
miscellaneous,hicaltech87.homesteptest.threeminutesfitnesstest::2,2,1,popularity_2,1
miscellaneous,kr.ac.jbnu.ch::3634,2,1,popularity_2,12
miscellaneous,net.hanulsoft.busanmba::101,2,1,popularity_2,2
miscellaneous,to.ord.app::32,2,1,popularity_2,2
miscellaneous,uk.co.catalinasoftware.freedomgo.crawfords::3300,2,1,popularity_2,2
miscellaneous,binaural.studymusic.brainwave.focusmusic.binauralbeats::32,8,1,popularity_8,22
miscellaneous,com.androston.lovepictures::13,8,1,popularity_8,3
miscellaneous,com.chereads.reader::395,8,1,popularity_8,35
miscellaneous,com.fasttamilkeyboard.typing.easytamiltext.inputmethod::25,8,1,popularity_8,2
miscellaneous,com.moall.farmerstore88::38,8,1,popularity_8,2
miscellaneous,com.msseed.membership::30014,8,1,popularity_8,4
miscellaneous,com.prompt.ma.maapplicationfinalAmul::50,8,1,popularity_8,13
miscellaneous,com.stn.mobile_player::418995,8,1,popularity_8,14
miscellaneous,uk.co.travelrepublic.travelrepublic::545,8,1,popularity_8,15
miscellaneous,com.aicsm.sscpreviousyearsgk::16,6,1,popularity_6,2
miscellaneous,com.app.azantime::58,6,1,popularity_6,11
miscellaneous,com.ax.hud.compass::5,6,1,popularity_6,17
miscellaneous,com.controld.setuputility::132,6,1,popularity_6,4
miscellaneous,com.golfboxdk::238,6,1,popularity_6,11
miscellaneous,com.mobincube.diccionario_griego_biblico.sc_HP9E26::22,6,1,popularity_6,20
miscellaneous,com.phonecleaner.junkcleaner.cache.clean.phone.booster::23,6,1,popularity_6,11
miscellaneous,com.quarantadue.cocktails::41,6,1,popularity_6,10
miscellaneous,com.silvertrac.mob::4058,6,1,popularity_6,2
miscellaneous,com.uvdevloper.uvtechsoft.fabricationtoolsandlayout::7,6,1,popularity_6,2
miscellaneous,de.virality.dieschulapp.ui::149,6,1,popularity_6,2
miscellaneous,kz.alser.selfservice::2343,6,1,popularity_6,11
miscellaneous,org.katieone::44,6,1,popularity_6,19
miscellaneous,org.lacofi.apache::41,6,1,popularity_6,2
miscellaneous,ru.edpankov.transistors::3,6,1,popularity_6,2
miscellaneous,alnima.wordshapes::3,4,1,popularity_4,2
miscellaneous,bosmap.magnum.me.il2bosmap::16,4,1,popularity_4,3
miscellaneous,br.com.mobits.mobitsplaza.app.praiadacosta::47,4,1,popularity_4,17
miscellaneous,com.appking.juzs.juz9::7,4,1,popularity_4,2
miscellaneous,com.ctappstudio.imdoodle::23,4,1,popularity_4,11
miscellaneous,com.danielebachicchi.proday::23,4,1,popularity_4,1
miscellaneous,com.it4you.babymonitor::2001005,4,1,popularity_4,6
miscellaneous,com.latlong.coordinates::7,4,1,popularity_4,12
miscellaneous,com.mobinet.musictherapy::9,4,1,popularity_4,3
miscellaneous,com.mycinemahall::101050500,4,1,popularity_4,18
miscellaneous,com.vcis.app.kanossaschool::37,4,1,popularity_4,4
miscellaneous,com.virenter.books.aaaav::10,4,1,popularity_4,2
miscellaneous,countries.of.the.world::4,4,1,popularity_4,11
miscellaneous,de.nitri.bigfive::32,4,1,popularity_4,2
miscellaneous,eu.appcorner.skanzen::4932,4,1,popularity_4,1
miscellaneous,in.co.mfonline::33,4,1,popularity_4,4
miscellaneous,vmax.com.badangpet::8,4,1,popularity_4,2
miscellaneous,com.bertholucci.potd::5,0,1,popularity_0,8
miscellaneous,com.clavax.fence_alarm::8,0,1,popularity_0,13
miscellaneous,com.dieffetech.eolas::2,0,1,popularity_0,5
miscellaneous,com.divy.englishtolithuanian::26,0,1,popularity_0,2
miscellaneous,com.foodbooking.plazamerengue::5469,0,1,popularity_0,3
miscellaneous,com.foodbooking.popeheaven::5397,0,1,popularity_0,3
miscellaneous,com.pilbeo.pilbeo_pumpkin_android::17,0,1,popularity_0,15
miscellaneous,com.quantresearch.exam.ccrn::10,0,1,popularity_0,3
miscellaneous,com.service.madactylo::3,0,1,popularity_0,7
miscellaneous,com.shoutcast.stm.radiosupergospelpr::1,0,1,popularity_0,1
miscellaneous,conversor.conversaotaxasbasico.krwisk::37,0,1,popularity_0,4
miscellaneous,es.wemakeit.couto::51,0,1,popularity_0,6
miscellaneous,eu.magelansoftware.mydtassist::48,0,1,popularity_0,33
miscellaneous,hu.tell.tellmonapp::22,0,1,popularity_0,2
miscellaneous,ie.flipdish.fd24065::64301,0,1,popularity_0,38
miscellaneous,net.wdsvlc.usa_radio_chicago_illinois_united_states::24,0,1,popularity_0,4
miscellaneous,qoresh.social.friendshipquotes::1,0,1,popularity_0,2
miscellaneous,ru.quickresto.qrqueue::62001,0,1,popularity_0,11
miscellaneous,com.SouthernPacificOceanFisher.VoiceToText_memo::186,10,1,popularity_10,7
miscellaneous,com.fehmin.bikeometer::40,10,1,popularity_10,2
miscellaneous,com.rvappstudios.flashlight::209,10,1,popularity_10,2
miscellaneous,com.sensustech.acremotecontrol::14,10,1,popularity_10,3
miscellaneous,it.vincenzoamoruso.theinterpreter::20299,10,1,popularity_10,127
miscellaneous,jp.or.nhk.news::81,10,1,popularity_10,5
