apk_id,popularity_values,n_popularity_values,bootstrap_stratum,n_policy_expanded_rows
com.agiliron::5,1,1,popularity_1,20
com.ali.pashtodictionary.apps::320,1,1,popularity_1,16
com.apptegy.iberia::23,1,1,popularity_1,9
com.appworkout.fitbutler.demo::1277,1,1,popularity_1,28
com.avempace.smaart.doorphone::7365,1,1,popularity_1,48
com.digion.dixim.security.app::4,1,1,popularity_1,16
com.ec.kimersoft.secureapp::40,1,1,popularity_1,44
com.eduven.cg.norway::10,1,1,popularity_1,44
com.ensivosolutions.studyflix::6,1,1,popularity_1,45
com.foodbooking.heatcafedubai::4433,1,1,popularity_1,35
com.geliossoft.gruzolot_dispatcher::1,1,1,popularity_1,17
com.nani_wellness::13,1,1,popularity_1,52
com.nikssoftware.photorecover::3,1,1,popularity_1,40
com.nitesh.copaiti::3,1,1,popularity_1,14
com.nutechmobile.datenite::9,1,1,popularity_1,19
com.omning.omniboard.lck1203::31,1,1,popularity_1,34
com.onlister.guidancekoyilandy::9,1,1,popularity_1,18
com.pixipine.jalees::17,1,1,popularity_1,74
com.radioco.mf7481ea08::11,1,1,popularity_1,5
com.rpn.erfahislamicvoice::10,1,1,popularity_1,81
com.trainerize.sustainablechangeltd::837000,1,1,popularity_1,89
com.universlsoftware.germancalendar::3,1,1,popularity_1,15
com.wego.cita::10,1,1,popularity_1,20
com.wook.market::12,1,1,popularity_1,71
com.xgroupsrl.dipe.smart::400403,1,1,popularity_1,13
com.ztcx.ai::7,1,1,popularity_1,88
de.appack.project.tbruit::1,1,1,popularity_1,34
es.bandomovil.serrejon.informa::12,1,1,popularity_1,38
es.bandomovil.villahermosadelrio.informa::13,1,1,popularity_1,38
es.cgb.voluntariadosalamanca::6,1,1,popularity_1,5
es.tpc.matchpoint.appclient.costaricatennisclub::81,1,1,popularity_1,19
gr.activesolutions.dispatch::17,1,1,popularity_1,25
ie.flipdish.fd18090::81467,1,1,popularity_1,80
ie.flipdish.fd3678::52777,1,1,popularity_1,84
io.github.withlet11.skyclock::11,1,1,popularity_1,22
mobile.en.com.educationalnetworksmobile.wheeler::15,1,1,popularity_1,63
nl.oosternijkerk::12,1,1,popularity_1,30
radfan.yemoney::567,1,1,popularity_1,13
ru.domopult.sajva.android::894,1,1,popularity_1,38
ru.rubeg38.technicianmobile::35,1,1,popularity_1,11
articulate.industrial.skill::25,7,1,popularity_7,40
at.oamtc.cityguide::30700003,7,1,popularity_7,48
com.androidfin.STFCUnoPackage::118,7,1,popularity_7,38
com.app4joy.libya_free::462,7,1,popularity_7,24
com.appwalied.quran::41,7,1,popularity_7,58
com.arppha::375,7,1,popularity_7,58
com.autocab.driverapp::9930,7,1,popularity_7,248
com.barasan.cookiekingdomcode::51,7,1,popularity_7,33
com.bosch.boschlevellingremoteapp::153,7,1,popularity_7,27
com.byappsc.shehj::266,7,1,popularity_7,88
com.dylan.gamepad.pro::155,7,1,popularity_7,54
com.etoos.app.wm::10131,7,1,popularity_7,103
com.ezp.tattoo::126,7,1,popularity_7,41
com.frontphoto.gallery::20,7,1,popularity_7,29
com.g4app::165,7,1,popularity_7,67
com.geoactio.avanzalargorecorrido::18,7,1,popularity_7,60
com.getwheelsapp.wheels::2181,7,1,popularity_7,40
com.ilib.stepbystepsalah::6,7,1,popularity_7,58
com.jehutyno.yomikata::65,7,1,popularity_7,34
com.mobincube.draw_car_muscle.sc_HGDI7G::20,7,1,popularity_7,47
com.msf.ket::72,7,1,popularity_7,26
com.musatech.digiscale::20,7,1,popularity_7,30
com.sagamill.stocksalerter::44,7,1,popularity_7,87
com.taw9el.couponredeem::5,7,1,popularity_7,35
com.wovibe.hotplayer::9,7,1,popularity_7,57
cz.gov.edoklady::2503251,7,1,popularity_7,18
dk.mochsoft.vnc::26,7,1,popularity_7,69
eu.tresfactory.lupaalertemasina::580,7,1,popularity_7,46
id.code.wings::1300022,7,1,popularity_7,34
idea.online_backgammon::96,7,1,popularity_7,130
kr.co.seoulgas.cash::137,7,1,popularity_7,67
loudringtones.tonosfuertesparaelmovil::8,7,1,popularity_7,31
net.chat.app2::117,7,1,popularity_7,27
rcglobal.android.kiha::109,7,1,popularity_7,34
ru.atomsbt.mobile::91,7,1,popularity_7,61
videochat.livevideocall.randomvideocall.livechat::45,7,1,popularity_7,72
br.com.originalsoftware.taxifonecliente.teleTaxiSalvador::3665,5,1,popularity_5,37
com.a7afidi.hidden::23,5,1,popularity_5,53
com.appg.bankdiary.client::11,5,1,popularity_5,54
com.arashpayan.prayerbook::23,5,1,popularity_5,5
com.dabdeveloper.moviedb.android::35,5,1,popularity_5,36
com.david.mybaby::150,5,1,popularity_5,61
com.filter.camera.ccd.cam1998::12,5,1,popularity_5,64
com.greatcatholicmusic.app::12,5,1,popularity_5,50
com.homecu.bwuccu::2097,5,1,popularity_5,6
com.imzhiqiang.period::10701,5,1,popularity_5,24
com.knockonly.marathi.marathisuvichar::8,5,1,popularity_5,20
com.magazinecloner.hotenglish::2034071301,5,1,popularity_5,68
com.mysiteanalytics.msa::116,5,1,popularity_5,30
com.newlinks.intercomclient::43,5,1,popularity_5,33
com.pccomputer.udhar_khata_book::10,5,1,popularity_5,127
com.proapps.sword.sounds::1001,5,1,popularity_5,25
com.rinfo.android.notepad::82,5,1,popularity_5,26
com.simplexi.messenger::2021020104,5,1,popularity_5,46
com.tegut.tbox::2000000542,5,1,popularity_5,52
com.walid.appmuslim::14,5,1,popularity_5,29
jp.co.a_tm.android.plus_autumn_color::1000,5,1,popularity_5,11
jp.co.okinawatimes.viewer.and::25,5,1,popularity_5,12
jp.gomisuke.app.Gomisuke0003::12,5,1,popularity_5,12
kr.co.echeck.smu::20301,5,1,popularity_5,29
net.mohadaratdiniya.fatawa.ibnuthaymeen::1002,5,1,popularity_5,24
no.nordicsemi.android.nrfthingy::39,5,1,popularity_5,1
quran.tilawatequran.mahermaaiqli::1001,5,1,popularity_5,32
robo.forrest.fairy.sword.tree.tower.craft::7,5,1,popularity_5,42
ru.amigo.app::46,5,1,popularity_5,52
so.ateya.ahmed.Lagna_Daamah::4,5,1,popularity_5,90
sukron.com.animal::8,5,1,popularity_5,16
uk.co.image_plus.propertyinvestor::39,5,1,popularity_5,56
br.lgfelicio::9268,9,1,popularity_9,78
com.angel.world.clock::14,9,1,popularity_9,51
com.awabe.learnenglish::60,9,1,popularity_9,47
com.brother.ptouch.iprintandlabel::131,9,1,popularity_9,19
com.clogica.smartvideoeditor::18,9,1,popularity_9,39
com.ecoatm.ecoapp.android::87,9,1,popularity_9,20
com.evansir.runicformulas::141,9,1,popularity_9,70
com.fourksoft.openvpn::407,9,1,popularity_9,91
com.ihuaj.gamecc.global::143,9,1,popularity_9,77
com.liogaming.dlskits::8,9,1,popularity_9,61
com.nudi.bkn.sapk::82,9,1,popularity_9,21
com.photoslideshow.birthdayvideomaker::32,9,1,popularity_9,45
com.teegloyalty.timezone::245,9,1,popularity_9,122
controllers.marham.marhammed::481,9,1,popularity_9,36
de.danoeh.antennapod::3080095,9,1,popularity_9,45
de.elfsoft.bestbrokers::81,9,1,popularity_9,76
es.ottplayer.tv::16842877,9,1,popularity_9,49
fr.lapostemobile.appliclient::61,9,1,popularity_9,11
it.creaweb.ucicinemas::61,9,1,popularity_9,28
net.fetnet.fetvod::937,9,1,popularity_9,120
pt.cp.mobiapp::285,9,1,popularity_9,56
andreasagap.ktelmakedonia::38,3,1,popularity_3,21
ch.cern.cernbox::43000100,3,1,popularity_3,59
chat.butler.panel::88,3,1,popularity_3,31
cn.com.tiro.virtualremote::113,3,1,popularity_3,61
com.Citron.petersapp::5,3,1,popularity_3,45
com.Jupet.coloringfootballlogos::1,3,1,popularity_3,21
com.asis.petechmobil::19,3,1,popularity_3,63
com.bfi.rca.gabon::2,3,1,popularity_3,45
com.biosys.tdcheck::13,3,1,popularity_3,22
com.blackstar.apps.teammanager::15,3,1,popularity_3,28
com.caftrade.app::22091910,3,1,popularity_3,19
com.calculos.laborales::60,3,1,popularity_3,53
com.coopersfiaam::35,3,1,popularity_3,21
com.excelatlife.moodlog::240010001,3,1,popularity_3,39
com.foodbooking.nizamat::5741,3,1,popularity_3,40
com.gcart.android.tokojsfashion::10,3,1,popularity_3,22
com.greenknightlabs.scp_001::24,3,1,popularity_3,6
com.justlogin.newkiosk::40,3,1,popularity_3,34
com.mamastudio.banglaquiz::6,3,1,popularity_3,49
com.netizensconnect.student::4,3,1,popularity_3,34
com.olo.skrimpshack::11474,3,1,popularity_3,65
com.sadanimewallpaper.masmasstudio::6,3,1,popularity_3,52
com.sanaedutech.accounts_auditing::234,3,1,popularity_3,38
com.sejood.elsahw::1005,3,1,popularity_3,38
com.shuvic.alumni.sungnamob::18,3,1,popularity_3,15
com.siamtele.user::94,3,1,popularity_3,34
com.two.ukcitizenship::10,3,1,popularity_3,101
com.umnico.android::1054,3,1,popularity_3,53
com.weblogy.acotonou.com::20,3,1,popularity_3,46
com.winterfelltech.belarusian.keyboard::5,3,1,popularity_3,18
com.ymaa.waterstyle::6,3,1,popularity_3,21
com.zoop.caparao::107,3,1,popularity_3,35
edu.paulmitchell.theskillcards::4,3,1,popularity_3,4
it.taxrefund.taxrefund::9,3,1,popularity_3,116
parentsalarm.green.valley.international.school.pusa.samastipur.bihar::2,3,1,popularity_3,11
ua.radio.gsmboom::168,3,1,popularity_3,35
vn.os.launcher::8,3,1,popularity_3,8
app.madamarket.android::6,2,1,popularity_2,17
br.com.movibrasil.taxi.drivermachine::915,2,1,popularity_2,57
clipescola.android.aster::10512,2,1,popularity_2,75
com.Reliable.AmruthPOPS::20,2,1,popularity_2,2
com.adelya.otv2::239,2,1,popularity_2,11
com.alphaapps.awfarlak::11,2,1,popularity_2,27
com.app.user.sureEcosystem::51,2,1,popularity_2,17
com.areeb.doobo::535,2,1,popularity_2,39
com.beoneapps.rutadelaplata::11,2,1,popularity_2,30
com.citygovapp.washoeir::8,2,1,popularity_2,23
com.doodle.dehqon::15,2,1,popularity_2,21
com.fnoex.fan.uncbears::20001548,2,1,popularity_2,130
com.formasapp.mimaquinaria::4,2,1,popularity_2,27
com.heydomo.vendors::19,2,1,popularity_2,48
com.ingeniando.ciudadelaelejercito::3,2,1,popularity_2,23
com.keywee.shipping.shipitto::29,2,1,popularity_2,34
com.mappytom.manager_app::63,2,1,popularity_2,60
com.praxinfo.gtc::10005,2,1,popularity_2,31
com.rootekstudio.repeatsandroid::2080013,2,1,popularity_2,39
com.social.ekchat::78,2,1,popularity_2,120
com.socorroec.smartapps::626,2,1,popularity_2,24
com.stranger_thingss.wallpaper::10,2,1,popularity_2,55
com.teramatrix.vos::60,2,1,popularity_2,21
com.tokai.coraline::1,2,1,popularity_2,41
com.whiteclouds.christmascakeideagallery::8,2,1,popularity_2,24
hicaltech87.homesteptest.threeminutesfitnesstest::2,2,1,popularity_2,43
hl.weightloss.fitness.calories.counter.diet.plan::6,2,1,popularity_2,59
kr.ac.jbnu.ch::3634,2,1,popularity_2,47
net.hanulsoft.busanmba::101,2,1,popularity_2,15
nl.foodticket.app.orderapp1127::6,2,1,popularity_2,4
nl.mijnbezorgapp.kid_85::84,2,1,popularity_2,28
ru.navikey.airlayobjectcollector::409,2,1,popularity_2,24
to.ord.app::32,2,1,popularity_2,28
uk.co.audiotrails.stmagnusway::9,2,1,popularity_2,93
uk.co.catalinasoftware.freedomgo.crawfords::3300,2,1,popularity_2,3
binaural.studymusic.brainwave.focusmusic.binauralbeats::32,8,1,popularity_8,51
com.androston.lovepictures::13,8,1,popularity_8,40
com.bekids.gogotown.unicorns::144,8,1,popularity_8,177
com.callhistory.contacts.calllog::86,8,1,popularity_8,102
com.chereads.reader::395,8,1,popularity_8,79
com.circuitjam::76,8,1,popularity_8,3
com.danale.video::10199,8,1,popularity_8,105
com.discipleskies.gpsreset::42,8,1,popularity_8,23
com.etoos.india.app::200,8,1,popularity_8,176
com.fasttamilkeyboard.typing.easytamiltext.inputmethod::25,8,1,popularity_8,22
com.ideabuilderapp.banglawordbook::8,8,1,popularity_8,21
com.keiind.connect::62,8,1,popularity_8,51
com.londonandpartners.londonguide::31940000,8,1,popularity_8,33
com.moall.farmerstore88::38,8,1,popularity_8,28
com.monotype.android.font.bel.round::19,8,1,popularity_8,14
com.msseed.membership::30014,8,1,popularity_8,5
com.peachlive.android::28,8,1,popularity_8,138
com.pocketgroup.pocketpay::340,8,1,popularity_8,93
com.prompt.ma.maapplicationfinalAmul::50,8,1,popularity_8,39
com.questalliance.myquest::101,8,1,popularity_8,80
com.rmtheis.price.comparison.scanner::102,8,1,popularity_8,13
com.rtve.mas24::87,8,1,popularity_8,99
com.stn.mobile_player::418995,8,1,popularity_8,35
com.x2line.android.milkybaby::26144281,8,1,popularity_8,59
de.rooehler.bikecomputer::262,8,1,popularity_8,57
org.chennaimetrorail.appv1::161,8,1,popularity_8,73
pt.sapo.android.cloudpt::120,8,1,popularity_8,49
ru.tutu.tutu_bus::48000,8,1,popularity_8,56
smf.kupiavto::810,8,1,popularity_8,91
systems.altura.aclient.cnel::1280,8,1,popularity_8,106
uk.co.travelrepublic.travelrepublic::545,8,1,popularity_8,17
volume.bass.virtrualizer.equalizer.sound.effect::7,8,1,popularity_8,38
au.com.idfish.app::68,6,1,popularity_6,68
com.aicsm.sscpreviousyearsgk::16,6,1,popularity_6,30
com.app.azantime::58,6,1,popularity_6,60
com.arvin.applemessagepro::30,6,1,popularity_6,31
com.ax.hud.compass::5,6,1,popularity_6,20
com.connectiq.r485.mapsr485companion::214,6,1,popularity_6,26
com.controld.setuputility::132,6,1,popularity_6,9
com.emlaksitem.android::423,6,1,popularity_6,74
com.goethe.hu::819,6,1,popularity_6,41
com.golfboxdk::238,6,1,popularity_6,30
com.kbmmobile.kbm.user.muzammilhasballahmp3::17,6,1,popularity_6,34
com.klinqq.app::59,6,1,popularity_6,66
com.makeshop.powerapp.lusida::10001,6,1,popularity_6,13
com.manhajona.OmarAbdelkafy::1005,6,1,popularity_6,32
com.mcb.rahul::11,6,1,popularity_6,52
com.minimiew.kamkomsawaddee::9,6,1,popularity_6,19
com.mobincube.diccionario_griego_biblico.sc_HP9E26::22,6,1,popularity_6,63
com.mysticwind.linenotificationsupport::23,6,1,popularity_6,1
com.phonecleaner.junkcleaner.cache.clean.phone.booster::23,6,1,popularity_6,61
com.qgroupmedia.qnews::9,6,1,popularity_6,37
com.quarantadue.cocktails::41,6,1,popularity_6,31
com.safeme.calculator::50,6,1,popularity_6,52
com.shootwords.main::91,6,1,popularity_6,15
com.silvertrac.mob::4058,6,1,popularity_6,26
com.uvdevloper.uvtechsoft.fabricationtoolsandlayout::7,6,1,popularity_6,5
de.virality.dieschulapp.ui::149,6,1,popularity_6,28
ges.com.antalyasmartcity::61,6,1,popularity_6,10
jp.co.ponos.nanimoshinai::1000002,6,1,popularity_6,38
kz.alser.selfservice::2343,6,1,popularity_6,53
org.katieone::44,6,1,popularity_6,42
org.lacofi.apache::41,6,1,popularity_6,4
ru.edpankov.transistors::3,6,1,popularity_6,27
ru.webvo.book.AOTNDEZKOFBQNZJW::10,6,1,popularity_6,45
smartcoder.click_tv::133,6,1,popularity_6,46
alnima.wordshapes::3,4,1,popularity_4,4
aplus.droitfiscal::37,4,1,popularity_4,9
bosmap.magnum.me.il2bosmap::16,4,1,popularity_4,6
br.com.mobits.mobitsplaza.app.praiadacosta::47,4,1,popularity_4,19
co.dudo.podcastvn::28,4,1,popularity_4,74
com.appking.juzs.juz9::7,4,1,popularity_4,30
com.ctappstudio.imdoodle::23,4,1,popularity_4,39
com.danielebachicchi.proday::23,4,1,popularity_4,2
com.delivery.asiaExpress::245,4,1,popularity_4,48
com.dragoma.frko::229,4,1,popularity_4,84
com.eco.tour::47,4,1,popularity_4,30
com.electra.webapp.webtech::20,4,1,popularity_4,22
com.fox.foxfast.universal::434,4,1,popularity_4,60
com.gpsmycity.android.u134::55,4,1,popularity_4,34
com.hellothupten.lametro::20210802,4,1,popularity_4,72
com.it4you.babymonitor::2001005,4,1,popularity_4,17
com.latlong.coordinates::7,4,1,popularity_4,39
com.learnateso.learn_ateso::40,4,1,popularity_4,57
com.lekseek.aptekarzInterakcje::134,4,1,popularity_4,28
com.mobinet.musictherapy::9,4,1,popularity_4,10
com.mycinemahall::101050500,4,1,popularity_4,56
com.mysalesforce.mycommunity.C00D2p000000UXa9EAG.A0OT2p000000KyjHGAS.app1::111200000,4,1,popularity_4,24
com.online.quiz::10,4,1,popularity_4,66
com.pragma.scientistsinventionsanddiscoveries::5,4,1,popularity_4,52
com.vcis.app.kanossaschool::37,4,1,popularity_4,10
com.virenter.books.aaaav::10,4,1,popularity_4,38
countries.of.the.world::4,4,1,popularity_4,48
de.nitri.bigfive::32,4,1,popularity_4,45
eu.appcorner.skanzen::4932,4,1,popularity_4,3
in.co.mfonline::33,4,1,popularity_4,32
in.myinnos.batteryinfopro::50,4,1,popularity_4,85
so.ateya.ahmed.Akedah_Wastyah_Lib_BT::7,4,1,popularity_4,110
vmax.com.badangpet::8,4,1,popularity_4,3
aplus.strafrecht::37,0,1,popularity_0,9
co.massmobileapps.porkmafia::3,0,1,popularity_0,131
com.app.radioelsalvador::2,0,1,popularity_0,30
com.app.soivyfi::135,0,1,popularity_0,73
com.bertholucci.potd::5,0,1,popularity_0,38
com.blossomsazz.app::1,0,1,popularity_0,56
com.chownow.communitylanes::139,0,1,popularity_0,94
com.clavax.fence_alarm::8,0,1,popularity_0,28
com.cofox.kahunas.TheLabMethod::210,0,1,popularity_0,102
com.dieffetech.eolas::2,0,1,popularity_0,41
com.divy.englishtolithuanian::26,0,1,popularity_0,23
com.foodbooking.plazamerengue::5469,0,1,popularity_0,40
com.foodbooking.popeheaven::5397,0,1,popularity_0,40
com.ideabytes.dgsms.midland::22,0,1,popularity_0,111
com.noursal.Al3qlwFadlhBook::1,0,1,popularity_0,28
com.nupuit.agpc::5,0,1,popularity_0,478
com.pegasustech.smartstores::10,0,1,popularity_0,69
com.pilbeo.pilbeo_pumpkin_android::17,0,1,popularity_0,33
com.pioneers.misrel_mostaabal::1,0,1,popularity_0,21
com.pioneers.wahtal_abnaa_al_alamia::4,0,1,popularity_0,23
com.quantresearch.exam.ccrn::10,0,1,popularity_0,38
com.questblue.sipblue2::5,0,1,popularity_0,38
com.rsmnm.driver::26,0,1,popularity_0,77
com.schoolmatenuvo.pierrepaul::100,0,1,popularity_0,58
com.sekaku.williamxia.tmix164::11,0,1,popularity_0,3
com.service.madactylo::3,0,1,popularity_0,33
com.shoutcast.stm.radiosupergospelpr::1,0,1,popularity_0,34
com.yardi.systems.rentcafe.resident.thomassafran.astra::2,0,1,popularity_0,24
conversor.conversaotaxasbasico.krwisk::37,0,1,popularity_0,32
es.wemakeit.couto::51,0,1,popularity_0,36
eu.magelansoftware.mydtassist::48,0,1,popularity_0,34
eu.pitsnaider.chameleonradio::119,0,1,popularity_0,2
hu.tell.tellmonapp::22,0,1,popularity_0,4
ie.flipdish.fd24065::64301,0,1,popularity_0,84
io.mimin.keyboard::5,0,1,popularity_0,19
net.wdsvlc.usa_radio_chicago_illinois_united_states::24,0,1,popularity_0,43
qoresh.social.friendshipquotes::1,0,1,popularity_0,45
ru.quickresto.qrqueue::62001,0,1,popularity_0,39
appinventor.ai_mmfrutos7878.Ancleaner::188,10,1,popularity_10,64
com.SouthernPacificOceanFisher.VoiceToText_memo::186,10,1,popularity_10,139
com.burakgon.netoptimizer::1386,10,1,popularity_10,158
com.fehmin.bikeometer::40,10,1,popularity_10,43
com.free.neo.vpn::77761,10,1,popularity_10,94
com.gameloft.android.ANMP.GloftIVHM::21401,10,1,popularity_10,83
com.hardgrnd.lineup11::122,10,1,popularity_10,41
com.hblackcat.mob_android_finder::16,10,1,popularity_10,13
com.koreanair.passenger::608,10,1,popularity_10,141
com.rvappstudios.flashlight::209,10,1,popularity_10,37
com.sensustech.acremotecontrol::14,10,1,popularity_10,49
com.sgk.eganna.in::59,10,1,popularity_10,101
it.vincenzoamoruso.theinterpreter::20299,10,1,popularity_10,170
jp.or.nhk.news::81,10,1,popularity_10,19
musicdownloader.monster.videodownloader::24,10,1,popularity_10,76
vidstatus.com::30,10,1,popularity_10,231
