estimator,refuter,result_index,original_effect,refuter_reference_effect,new_effect,absolute_change_from_original,relative_change_from_original,sign_changed_from_original,p_value,refuter_reports_significant_change,status,error
psm,random_common_cause,0,0.04255575647980711,0.04255575647980711,0.04255575647980711,0.0,0.0,False,1.0,False,success,
psm,placebo_treatment_refuter,0,0.04255575647980711,0.04255575647980711,0.08286377335744423,0.04030801687763712,0.947181303116147,False,0.020000000000000018,True,success,
psm,data_subset_refuter,0,0.04255575647980711,0.04255575647980711,-0.002526748040988547,0.04508250452079566,1.059375,True,0.13,False,success,
psm,dummy_outcome_refuter,0,0.04255575647980711,0.0,0.001019117331649186,0.041536639148157924,0.9760521862152124,False,0.97,False,success,
psm,add_unobserved_common_cause,0,0.04255575647980711,0.04255575647980711,-0.16069921639541893,0.20325497287522604,4.776203966005665,True,,,success,
logistic_regression,random_common_cause,0,-0.030417015310652884,-0.030417015310652884,-0.03041726436276648,2.49052113595466e-07,8.187920841406192e-06,False,0.92,False,success,
logistic_regression,placebo_treatment_refuter,0,-0.030417015310652884,-0.030417015310652884,0.0006513458741847039,0.03106836118483759,1.021413865480634,True,0.95,False,success,
logistic_regression,data_subset_refuter,0,-0.030417015310652884,-0.030417015310652884,-0.02984457599085398,0.0005724393197989036,0.018819707126176165,False,0.94,False,success,
logistic_regression,dummy_outcome_refuter,0,-0.030417015310652884,0.0,-0.003273957916863382,0.027143057393789503,0.8923642611404824,False,0.85,False,success,
logistic_regression,add_unobserved_common_cause,0,-0.030417015310652884,-0.030417015310652884,-0.029254984997476086,0.0011620303131767984,0.03820329842717418,False,,,success,
doubly_robust,random_common_cause,0,-0.022895291819575447,-0.022895291819575447,-0.02289529181957544,6.938893903907228e-18,3.0307077798302976e-16,False,1.0,False,success,
doubly_robust,placebo_treatment_refuter,0,-0.022895291819575447,-0.022895291819575447,0.001118975356045817,0.024014267175621263,1.0488736009509647,True,0.9199999999999999,False,success,
doubly_robust,data_subset_refuter,0,-0.022895291819575447,-0.022895291819575447,-0.022377325187736954,0.0005179666318384929,0.022623281499108566,False,0.99,False,success,
doubly_robust,dummy_outcome_refuter,0,-0.022895291819575447,0.0,0.006095511085210535,0.028990802904785982,1.266234260442965,True,0.75,False,success,
doubly_robust,add_unobserved_common_cause,0,-0.022895291819575447,-0.022895291819575447,-0.03252167897513214,0.009626387155556693,0.42045269531468227,False,,,success,
